Shanghai,46,CN02,agcaaaagcagggtagataatcactcactgagtgacatcaacatcatggcgtctcaaggcaccaaacgatcctatgaacagatggagactggtggagaacgccagaatgctactgagatcagggcatctgtcggaagaatggttagcggcattgggagattctacatacagatgtgtacagagctcaaactcagtgacaatgaagggaggctgatccagaacagtataacaatagagagaatggtactctctgcatttgacgaaagaaggaacagatacctggaagagcaccccagtgcgggaaaggacccgaagaaaactggaggtccaatttaccgaagaagagacgggaaatgggtgagagagctgatcctgtatgacaaggaggaaatcaggagaatttggcgtcaagcgaacaatggagaagacgcaactgctggtcttacccatctgatgatatggcattccaacctgaatgatgccacatatcagagaacgagagctctcgtgcgtactggaatggaccccaggatgtgctctctgatgcaaggatcaactctcccgaggagatctggagctgcaggagcagcagtaaaggggatagggacaatggtgatggagctgattcggatgataaaacgagggataaacgaccggaatttctggagaggcgaaaatggaagaagaacaagagttgcatacgagaggatgtgcaacatcctcaaagggaaattccaaacagcagcacaaagggcaatggtggatcaagtgcgagagagcagaaatcctggaaatgctgaaatagaagatctcatttttctggcaaggtctgcactcatccttagaggatctgtagcccataagtcctgcttgcctgcttgtgtgtacggacttgcagtggccagtggatatgactttgagagagaaggatactccctggttggaatagaccctttccgtctgcttcaaaacagccaggtttttagtctaattagaccaaatgagaacccagcacacaagagtcaactagtgtggatggcatgccactctgcagcatttgaggaccttagagtctcaagtttcatcagagggacaagaatggtcccaagaggacaattatccaccagaggggttcaaattgcttcaaatgagaacatggaagcaatggactccaacactctcgaactaagaagtagatattgggctataagaaccaggagcggagggaacaccaaccaacagagggcatctgcgggacagattagcgttcaacccactttctcggtacagagaaatctccccttcgaaagagcaaccattatggcagcatttacaggaaatactgagggtagaacgtctgacatgaggactgaaatcataagaatgatggaaagtgcaagaccagaagatgtgtcattccaggggcggggagtcttcgagctctcggacgaaaaggcaacgaacccgatcgtgccttcctttgacatgagtaatgaaggatcttatttcttcggagacaatgcagaggagtatgacaattgaagaaaaatacccttgtttctac
Shanghai,136,MH01,agcaaaagcagggtagataatcactcactgagtgacatcaacatcatggcgtctcaaggcaccaaacgatcctatgaacagatggaaactggtggggaacgccagaatgctactgagatcagggcatctgttggaagaatggttagcggcattgggagattctacatacagatgtgtacagaactcaaactcagtgacaatgaagggaggctgattcaaaacagtataacaatagagagaatggtactctctgcatttgatgaaagaaggaacagatacttggaagagcaccccagtgcaggaaaggaccctaagaaaactggaggtccaatttacaggagaagagacggaaaatgggtgagagagctgatcctgtatgacaaagaggaaatcaggagaatttggcgacaagcgaacaatggagaggatgcaactgctggtcttacccatctgatgatatggcattccaacctgaatgatgctacctaccagagaacgagagctctcgtgcgtactggaatggatccccggatgtgctctctgatgcaaggatcaactctcccgaggagatctggagctgcaggtgcagcagtaaagggaatagggacaatggtgatggaactgatccggatgataaaacgagggatcaacgaccggaatttctggagaggcgaaaatggaagaagaacaagaattgcatatgagagaatgtgcaacatcctcaaagggaaattccaaacagcagcacaaagggcaatgatggatcaagtgcgagagagcagaaatcctgggaatgctgaaatagaagatctcatctttctggcaaggtctgcactcatcctgagaggatcagtggctcataaatcctgcttgcctgcttgtgtgtacggacttgcagtggctagtggatatgactttgagagagaagggtactccttggttggaatagatcctttccgtctgcttcaaaacagccaggtctttagtctcattagaccaaatgagaacccagcacataagagccaactagtgtggatggcatgccactctgcagcgtttgaggaccttagggtctcaagtttcattagagggacaagaatggtcccaagaggacaactatccactagaggggttcaaattgcttcaaatgagaacatggaagcaatggactccaatactcttgaattgagaagtagatattgggctataagaaccagaagcggagggaacaccaaccaacagagggcatctgcaggacaggtcagcgttcaacccactttctcagtacagagaaaccttcctttcgaaagagcaaccattatggcagcatttacaggaaatactgagggtagaacgtctgacatgaggactgaaatcataagaatgatggaaagtgccagaccagaagatgtgtcattccaggggcggggagtcttcgagctctcggacgaaaaggcaacgaacccgatcgtgccttcctttgacatgaataatgaaggatcttatttcttcggagacaatgcagaggagtatgacaattgaagaaaaatacccttgtttctac
Shanghai,136,MH02,agcaaaagcagggtagataatcactcactgagtgacatcaacatcatggcgtctcaaggcaccaaacgatcctatgaacagatggagactggtggagaacgccagaatgctactgagatcagggcatctgtcggaagaatggttagcggcattgggagattctacatacagatgtgtacagagctcaaactcagtgacaatgaagggaggctgatccagaacagtataacaatagagagaatggtactctctgcatttgacgaaagaaggaacagatacctggaagagcaccccagtgcgggaaaggacccgaagaaaactggaggtccaatttaccgaagaagagacgggaaatgggtgagagagctgatcctgtatgacaaggaggaaatcaggagaatttggcgtcaagcgaacaatggagaagacgcaactgctggtcttacccatctgatgatatggcattccaacctgaatgatgccacatatcagagaacgagagctctcgtgcgtactggaatggaccccaggatgtgctctctgatgcaaggatcaactctcccgaggagatctggagctgcaggagcagcagtgaaggggatagggacaatggtgatggaactgatccggatgataaaacgagggatcaacgaccggaatttctggagaggcgaaaatggaagaaggacaagaattgcatatgagagaatgtgcaacatcctcaaagggaaattccaaacagcagcacaaagggcaatggtggatcaagtgcgagagagcagaaatcctgggaatgctgaaatagaagatcttatttttctggcaaggtctgcactcatcctgagaggatcagtggctcataaatcctgcttgcctgcttgtgtgtacggacttgcagtggttagtggatatgactttgagagagaaggatactccttggttggaatagatcctttccgtctgcttcaaaacagccaggtctttagtctcattagaccaaatgagaacccagcacataagagccaactagtgtggatggcatgccactctgcagcgtttgaggaccttagggtctcaagtttcattagagggacaagaatggtcccaagaggacagctatccactagaggggttcaaattgcttcaaatgagaacatggaagcaatggactccaatactcttgaactgagaagtagatattgggctataagaaccagaagcggagggaacaccaaccaacagagggcatctgcaggacaagtcagcgttcaacccactttctcagtacagagaaaccttcctttcgaacgagcaaccattatggcagcatttacaggaaatactgagggtagaacgtctgacatgaggactgaaatcataagaatgatggaaagtgccagaccagaagatgtgtcattccaggggcggggagtcttcgagctctcggacgaaaaggcaacgaacccgatcgtgccttcctttgacatgaataatgaaggatcttatttcttcggagacaatgcagaggagtatgacaattgaagaaaaatacccttgtttctac
Shanghai,136,MH03,agcaaaagcagggtagataatcactcactgagtgacatcaacatcatggcgtctcaaggcaccaaacgatcctatgaacagatggagactggtggagaacgccagaatgctactgagatcagggcatctgtcggaagaatggttagcggcattgggagattctacatacagatgtgtacagagctcaaactcagtgacaatgaagggaggctgatccagaacagtataacaatagagagaatggtactctctgcatttgatgaaagaaggaacagatacctggaagagcaccccagtgcgggaaaggaccctaagaaaactggaggtccaatttaccgaagaagagacggaaaatgggtgagagagctgatcctgtatgacaaggaggaaatcaggagaatttggcgacaagcgaacaatggagaagacgcaactgctggtcttacccatctgatgatatggcattccaacctgaatgatgctacctaccagagaacgagagctctcgtgcgtactggaatggatccccggatgtgctctctgatgcaaggatcaactctcccgaggagatctggagctgcaggagcagcagtaaagggaatagggacaatggtgatggaactgatccggatgataaaacgagggatcaacgaccggaatttctggagaggcgaaaatggaagaagaacaagaattgcatatgagagaatgtgcaacatcctcaaagggaaattccaaacagcagcacaaagggccatgatggatcaagtgcgagagagcagaaatcctgggaatgctgaaatagaagatctcatctttctggcaaggtctgcactcatcctgagaggatcagtggctcataaatcctgcttgcctgcttgtgtgtacggacttgcagtggctagtggatatgactttgagagagaagggtactccttggttggaatagatcctttccgtctgcttcaaaacagccaggtctttagtctcattagaccaaatgagaacccagcacataagagccaactagtgtggatggcatgccactctgcagcgtttgaggaccttagggtctcaagtttcattagagggacaagaatggtcccaagaggacaactatccactagaggggttcaaattgcttcaaatgagaacatggaagcaatggactccaatactcttgaattgagaagtagatattgggctataagaaccagaagcggagggaacaccaaccaacagagggcatctgcaggacaggtcagcgttcaacccactttctcagtacagagaaaccttcctttcgaaagagcaaccattatggcagcatttacaggaaatactgagggtagaacgtctgacatgaggactgaaatcataagaatgatggaaagtgccagaccagaagatgtgtcattccaggggcggggagtcttcgagctctcggacgaaaaggcaacgaacccgatcgtgccttcctttgacatgaataatgaaggatcttatttcttcggagacaatgcagaggagtatgacaattgaagaaaaatacccttgtttctac
Shanghai,136,MH04,agcaaaagcagggtagataatcactcactgagtgacatcaacatcatggcgtctcaaggcaccaaacgatcctatgaacagatggaaactggtggagaacgccagaatgctactgagatcagggcatctgttggaagaatggttagcggcattggaagattctacatacagatgtgtacagaactcaaactcagtgacaatgaagggaggctgattcaaaacagtataacaatagagagaatggtactctctgcatttgatgaaagaaggaacagatacttggaagagcaccccagtgcaggaaaggaccctaagaaaactggaggtccaatttacaggagaagagacggaaaatgggtgagagagctgatcctgtatgacaaagaggaaatcaggagaatttggcgacaagcgaacaatggagaggatgcaactgctggtcttacccatctgatgatatggcattccaacctgaatgatgctacctaccagagaacgagagctctcgtgcgtactggaatggatccccggatgtgctctctgatgcaaggatcaactctcccgaggagatctggagctgcaggtgcagcagtaaagggaatagggacaatggtgatggaactgatccggatgataaaacgagggatcaacgaccggaatttctggagaggcgaaaatggaagaagaacaagaattgcatatgagagaatgtgcaacatcctcaaagggaaattccaaacagcagcacaaagggccatgatggatcaagtgcgagagagcagaaatcctgggaatgctgaaatagaagatctcatctttctggcaaggtctgcactcatcctgagaggatcagtggctcataaatcctgcttgcctgcttgtgtgtacggacttgcagtggctagtggatatgactttgagagagaagggtactccttggttggaatagatcctttccgtctgcttcaaaacagccaggtctttagtctcattagaccaaatgagaacccagcacataagagccaactagtgtggatggcatgccactctgcagcgtttgaggaccttagggtctcaagtttcattagagggacaagaatggtcccaagaggacaactatccactagaggggttcaaattgcttcaaatgagaacatggaagcaatggactccaatactcttgaattgagaagtagatattgggctataagaaccagaagcggagggaacaccaaccaacagagggcatctgcaggacaggtcagcgttcaacccactttctcagtacagagaaaccttcctttcgaaagagcaaccattatggcagcatttacaggaaatactgagggtagaacgtctgacatgaggactgaaatcataagaatgatggaaagcgccagaccagaagatgtgtcattccaggggcggggagtcttcgagctctcggacgaaaaggcaacgaacccgatcgtgccttcctttgacatgaataatgaaggatcttatttcttcggagacaatgcagaggagtatgacaattgaagaaaaatacccttgtttctac
Shanghai,136,MH05,agcaaaagcagggtagataatcactcactgagtgacatcaacatcatggcgtctcaaggcaccaaacgatcctatgaacagatggaaactggtggggaacgccagaatgctactgagatcagggcatctgttggaagaatggttagcggcattgggagattctacatacagatgtgtacagaactcaaactcagtgacaatgaagggaggctgattcagaacagtataacaatagagagaatggtactctctgcatttgatgaaagaaggaacagatacctggaagagcaccccagtgcaggaaaggaccctaagaaaactggaggtccaatttacaggagaagagacggaaaatgggtgagagagctgatcctgtatgacaaagaggaaatcaggagaatttggcgacaagcgaacaatggagaggatgcaactgctggtcttacccatctgatgatatggcattccaatctgaatgatgctacctatcagagaacgagagctctcgtgcgtactggaatggatccccggatgtgctctctgatgcaaggatcaactctcccgaggagatctggagctgcaggtgcagcagtgaaggggatagggacaatggtgatggaactgatccggatgataaaacgagggatcaacgaccggaatttctggagaggcgaaaatggaagaaggacaagaattgcatatgagagaatgtgcaacatcctcaaagggaaattccaaacagcagcacaaagggcaatggtggatcaagtgcgagagagcagaaatcctgggaatgctgaaatagaagatcttatttttctggcaaggtctgcactcatcctgagaggatcagtggctcataaatcctgcttgcctgcttgtgtgtacggacttgcagtggctagtggatatgactttgagagagaagggtactccttggttggaatagatcctttccgtctgcttcaaaacagccaggtctttagtctcattagaccaaatgagaacccagcacataagagccaactagtgtggatggcatgccactctgcagcgtttgaggaccttagggtctcaagtttcattaaagggacaagaatggtcccaagaggacagctatccactagaggggttcaaattgcttcaaatgagaacatggaagcaatggactccaatactcttgaactgagaagtagatattgggctataagaaccagaagcggagggaacaccaaccaacagagggcatctgcaggacaagtcagcgttcaacccactttctcagtacagagaaaccttcctttcgaacgagcaaccattatggcagcatttacgggaaatactgagggtagaacgtctgacatgaggactgaaatcataagaatgatggaaagtgccagaccagaagatgtgtcattccaggggcggggagtcttcgagctctcggacgaaaaggcaacgaacccgatcgtgccttcctttgacatgaataacgaaggatcttatttcttcggagacaatgcagaggagtatgacaattgaagaaaaatacccttgtttctac
Shanghai,21,PD-CN-02,atggcgttccaaggcaccaaacgatcctatgaacagatggaaactggtggggaacgccagaatgctactgagatcagggcatctgttggaagaatggttagcggcattgggagattctacatacagatgtgtacagaactcaaactcagtgacaatgaagggaggctgattcagaacagtataacaatagagagaatggtactctctgcatttgatgaaagaaggaacagatacctggaagagcaccccagtgcaggaaaggaccctaagaaaactggaggtccaatttacaggagaagagacggaaaatgggtgagagagctgatcctgtatgacaaagaggaaatcaggagaatttggcgacaagcgaacaatggagaggatgcaactgctggtcttacccatctgatgatatggcattccaacctgaatgatgctacctatcagagaacgagagctctcgtgcgtactggaatggatccccggatgtgctctctgatgcaaggatcaactctcccgaggagatctggagctgcaggtgcagcagtgaaggggatagggacaatggtgatggaactgattcggatgataaaacgagggatcaacgaccggaatttctggagaggcgaaaatggaagaaggacaagaattgcatatgagagaatgtgcaacatcctcaaagggaaattccaaacagcagcacaaagggcaatgatggatcaagtgcgagagagcagaaatcctgggaatgctgaaatagaagatctcatttttctggcaaggtctgcactcatcctgagaggatcagtggctcataaatcctgcttgcctgcttgtgtgtacggacttgcagtggctagtggatatgactttgagagagaagggtactccttggttggaatagatcctttccgtctgcttcaaaacagccaggtctttagtctcattagaccaaatgagaacccagcacataagagccaactagtgtggatggcatgccactctgcagcgtttgaggaccttagggtctcaagtttcattagagggacaagaatggtcccaagaggacagctatccactagaggggttcaaattgcttcaaatgagaacatggaagcaatggactccaatactcttgaactgagaagtagatattgggctataagaaccagaagcggagggaacaccaaccaacagagggcatctgcaggacaggtcagcgttcaacccactttctcagtacagagaaaccttcctttcgaaagagcaaccattatggcagcatttacaggaaatactgaggggagaacgtctgacatgaggactgaaatcataagaatgatggaaagtgccagaccagaagatgtgtcattccaggggcggggagtcttcgagctctcggacgaaaaggcaacgaacccgatcgtgccttcctttgacatgaataatgaaggatcttatttcttcggagacaatgcagaggagtatgacaattga
Shanghai,46,QP01,agcaaaagcagggtagataatcactcactgagtgacatcaacatcatggcgtctcaaggcaccaaacgatcctatgaacagatggaaactggtggggaacgccagaatgctactgagatcagggcatctgttggaagaatggttagcggcattgggagattctacatacagatgtgtacagaactaaaactcagtgacaatgaagggaggctgattcagaacagtataacaatagagagaatggtactctctgcatttgatgaaagaaggaacagatacctggaagagcaccccagtgcaggaaaggaccctaagaaaactggaggtccaatttacaggagaagagacggaaaatgggtgagagagctgatcctgtatgacaaagaggaaatcaggagaatttggcgacaagcgaacaatggagaggatgcaactgctggtcttacccatctgatgatatggcattccaacctgaatgatgctacctatcagagaacgagagccctcgtgcgtactggaatggatccccggatgtgctctctgatgcaaggatcaactctcccgaggagatctggagctgcaggtgcagcagtgaaggggatagggacaatggtgatggaactgattcggatgataaaacgagggatcaacgaccggaatttctggagaggcgaaaatggaagaaggacaagaattgcatatgagagaatgtgcaacatcctcaaagggaaattccaaacagcagcacaaagggcaatgatggatcaagtgcgagaaagcagaaatcctgggaatgctgaaatagaagatctcatttttctggcaaggtctgcactcatcctgagaggatcagtggctcataaatcctgcttgcctgcctgtgtgtacggacttgcagtggctagtggatatgactttgagagagaagggtactccttggttggaatagatcctttccgtctgcttcaaaacagccaggtctttagtctcattagaccaaatgagaacccagcacacaagagccaactagtgtggatggcatgccactctgcagcgtttgaggaccttagggtctcaagtttcattagaggaacaagaatggtcccaagaggacagctgtccactagaggggttcaaattgcttcaaatgagaacatggaagcaatggactccaatactcttgagctgagaagtagatattgggctataagaaccagaagcggagggaacaccaaccaacagagggcatctgcaggacaggtcagcgttcaacccactttctcagtacagagaaaccttcctttcgaaagagcaaccattatggcagaatttacaggaaatactgagggtagaacgtctgacatgaggactgaaatcataagaatgatggaaagtgccagaccagaagatgtgtcattccaggggcggggagtcttcgagctctcggacgaaaaggcaacgaacccgatcgtgccttcctttgacatgaataatgaaggatcttatttcttcggagacaatgcagaggagtatgacaattgaagaaaaatacccttgtttctac
Shanghai,93,S1053,atggcgtctcaaggcaccaaacgatcctatgaacagatggaaactggtggggaacgccagaatgctactgagatcagggcatctgttggaagaatggttagcggcattgggagattctacatacagatgtgtacagaactcaaactcagtgacaatgaagggaggctgattcagaacagtataacaatagagagaatggtactctctgcatttgatgaaagaaggaacagatacctggaagagcaccccagtgcaggaaaggaccctaagaaaactggaggtccaatttacaggagaagagacggaaaatgggtgagagagctgatcctgtatgacaaagaggaaatcaggagaatttggcgacaagcgaacaatggagaggatgcaactgctggtcttacccatctgatgatatggcattccaacctgaatgatgctacctatcagagaacgagagctctcgtgcgtactggaatggatccccggatgtgctctctgatgcaaggatcaactctcccgaggagatctggagctgcaggtgcagcagtgaaggggatagggacaatggtgatggaactgattcggatgataaaacgagggatcaacgaccggaatttctggagaggcgaaaatggaagaaggacaagaattgcatatgagagaatgtgcaacatcctcaaagggaaattccaaacagcagcacaaagggcaatgatggatcaagtgcgagagagcagaaatcctgggaatgctgaaatagaagatctcatttttctggcaaggtctgcactcatcctgagaggatcagtggctcataaatcctgcttgcctgcttgtgtgtacggacttgcagtggctagtggatatgactttgagagagaagggtactccttggttggaatagatcctttccgtctgcttcaaaacagccaggtctttagtctcattagaccaaatgagaacccagcacataagagccaactagtgtggatggcatgccactctgcagcgtttgaggaccttagggtctcaagtttcattagagggacaagaatggtcccaagaggacagctatccactagaggggttcaaattgcttcaaatgagaacatggaagcaatggactccaatactcttgaactgagaagtagatattgggctataagaaccagaagcggagggaacaccaaccaacagagggcatctgcaggacaggtcagcgttcaacccactttctcagtacagagaaaccttcctttcgaaagagcaaccattatggcagcatttacaggaaatactgagggtagaacgtctgacatgaggactgaaatcataagaatgatggaaagtgccagaccagaagatgtgtcattccaggggcggggagtcttcgagctctcggacgaaaaggcaacgaacccgatcgtgccttcctttgacatgaataatgaaggatcttatttcttcggagacaatgcagaggagtatgacaattga
Shanghai,93,S1055,atggcgtctcaaggcaccaaacgatcctatgaacagatggaaactggtggggaacgccagaatgctactgagatcagggcatctgttggaagaatggttagcggcattgggagattctacatacagatgtgtacagaactcaaactcagtgacaatgaagggaggctgattcagaacagtataacaatagagagaatggtactctctgcatttgatgaaagaaggaacagatacctggaagagcaccccagtgcaggaaaggaccctaagaaaactggaggtccaatttacaggagaagagacggaaaatgggtgagagagctgatcctgtatgacaaagaggaaatcaggagaatttggcgacaagcgaacaatggagaggatgcaactgctggtcttacccatctgatgatatggcattccaacctgaatgatgctacctatcagagaacgagagctctcgtgcgtactggaatggatccccggatgtgctctctgatgcaaggatcaactctcccgaggagatctggagctgcaggtgcagcagtgaaggggatagggacaatggtgatggaactgattcggatgataaaacgagggatcaacgaccgtaatttctggagaggcgaaaatggaagaaggacaagaattgcatatgagagaatgtgcaacatcctcaaagggaaattccaaacagcagcacaaagggcaatgatggatcaagtgcgagagagcagaaatcctgggaatgctgaaatagaagatctcatttttctggcaaggtctgcactcatcctgagaggatcagtggctcataaatcctgcttgcctgcttgtgtgtacggacttgcagtggctagtggatatgactttgagagagaagggtactccttggttggaatagatcctttccgtctgcttcaaaacagccaggtctttagtctcattagaccaaatgagaacccagcacataagagccaactagtgtggatggcatgccactctgcagcgtttgaggaccttagggtctcaagtttcattagagggacaagaatggtcccaagaggacagctatccactagaggggttcaaattgcttcaaatgagaacatggaagcaatggactccaatactcttgaactgagaagtagatattgggctataagaaccagaagcggagggaacaccaaccaacagagggcatctgcaggacaggtcagcgttcaacccactttctcagtacagagaaaccttcctttcgaaagagcaaccattatggcagcatttacaggaaatactgagggtagaacgtctgacatgaggactgaaatcataagaatgatggaaagtgccagaccagaagatgtgtcattccaggggcggggagtcttcgagctctcggacgaaaaggcaacgaacccgatcgtgccttcctttgacatgaataatgaaggatcttatttcttcggagacaatgcagaggagtatgacaattga
Shanghai,93,S1076,atggcgtctcaaggcaccaaacgatcctatgaacagatggaaactggtggggaacgccagaatgctactgagatcagggcatctgttggaagaatggttagcggcattgggagattctacatacagatgtgtacagaactcaaactcagtgacaatgaagggaggctgattcagaacagtataacaatagagagaatggtactctctgcatttgatgaaagaaggaacagatacctggaagagcaccccagtgcaggaaaggaccctaagaaaactggaggtccaatttacaggagaagagacggaaaatgggtgagagagctgatcttgtatgacaaagaggaaatcaggagaatttggcgacaagcgaacaatggagaggatgctactgctggtcttacccatctgatgatatggcattccaacctgaatgatgccacctatcagagaacgagagctctagtgcgtactggaatggacccccggatgtgctctctgatgcaaggatcaactctcccgaggagatctggagctgcaggtgcagcagtgaaggggatagggacaatggtgatggaactgattcggatgataaaacgagggatcaacgaccggaatttctggagaggcgaaaatggaagaaggacaaggattgcatacgagaggatgtgcaacatcctcaaagggaaattccaaacagcagcacaaagggcaatgatggatcaagtgcgagagagcagaaatcctgggaatgctgaaatagaagatctcatttttctggcaaggtctgcactcatcctgagaggatcagtggctcataaatcctgcttgcctgcttgtgtgtacggacttgcagtggccagtggatatgactttgagagagaagggtactccctggttggaatagatcctttccgtctgcttcaaaacagccaggtctttagtctcataagaccaaatgagaacccagcacataagagccaattagtgtggatggcatgccactctgcagcgtttgaggaccttagggtctcaagtttcattagagggacaagaatggtcccaagaggacagctatccactagaggagttcaaattgcttcaaatgagaacatagaagcaatggactccaatactcttgaactgagaagtagatattgggctataagaaccagaagcggagggaacaccaaccaacagagagcatctgcaggacaggtcagcgttcaacccactttctcagtacagagaaatcttcccttcgaaagagcaaccattatggcagcatttacaggaaatactgagggtagaacgtctgacatgaggactgaaatcataagaatgatggaaagtgccagaccagaagatgtgtcattccaggggcggggagtcttcgagctctcggacgaaaaggcaacgaacccgatcgtgccttcctttgacatgaataatgaaggatcttatttcttcggagacaatgcagaggagtatgacaattga
Shanghai,93,S1077,atggcgtctcaaggcaccaaacgatcctatgaacagatggaaactggtggggaacgccagaatgctactgagatcagggcatctgttggaagaatggttagcggcattgggagattctacatacagatgtgtacagaactcaaactcagtgacaatgaagggaggctgattcagaacagtataacaatagagagaatggtactctctgcatttgatgaaagaaggaacagatacctggaagagcaccccagtgcaggaaaggaccctaagaaaactggaggtccaatttacaggagaagagacggaaaatgggtgagagagctgatcttgtatgataaagaggaaatcaggagaatttggcgacaagcgaacaatggagaggatgctactgctggtcttacccatctgatgatatggcattccaacctgaatgatgccacctatcagagaacgagagctctagtgcgtactggaatggacccccggatgtgctctctgatgcaaggatcaactctcccgaggagatctggagctgcaggtgcagcagtgaaggggatagggacaatggtgatggaactgattcggatgataaaacgagggatcaacgaccggaatttctggagaggcgaaaatggaagaaggacaaggattgcatacgagaggatgtgcaacatcctcaaagggaaattccaaacagcagcacaaagggcaatgatggatcaagtgcgagagagcagaaatcctgggaatgctgaaatagaagatctcatttttctggcaaggtctgcactcatcctgagaggatcagtggctcataaatcctgcttgcctgcttgtgtgtacggacttgcagtggccagtggatatgactttgagagagaagggtactccctggttggaatagatcctttccgtctgcttcaaaacagccaggtctttagtctcataagaccaaatgagaacccagcacataagagccaattagtgtggatggcatgccactctgcagcgtttgaggaccttagggtctcaagtttcattagagggacaagaatggtcccaagaggacagctatccactagaggagttcaaattgcttcaaatgagaacatagaagcaatggactccaatactcttgaactgagaagtagatattgggctataagaaccagaagcggagggaacaccaaccaacagagagcatctgcaggacaggtcagcgttcaacccactttctcagtacagagaaatcttcccttcgaaagagcaaccattatggcagcatttacaggaaatactgagggtagaacgtctgacatgaggactgaaatcataagaatgatggaaagtgccagaccagaagatgtgtcattccaggggcggggagtcttcgagctctcggacgaaaaggcaacgaacccgatcgtgccttcctttgacatgaataatgaaggatcttatttcttcggagacaatgcagaggagtatgacaattga
Shanghai,93,S1078,atggcgtctcaaggcaccaaacgatcctatgaacagatggaaactggtggggaacgccagaatgctactgagatcagggcatctgttggaagaatggttagcggcattgggagattctacatacagatgtgtacagaactcaaactcagtgacaatgaagggaggctgattcagaacagtataacaatagagagaatggtactctctgcatttgatgaaagaaggaacagatacctggaagagcaccccagtgcaggaaaggaccctaagaaaactggaggtccaatttacaggagaagagacggaaaatgggtgagagagctgatcttgtatgacaaagaggaaatcaggagaatttggcgacaagcgaacaatggagaggatgctactgctggtcttacccatctgatgatatggcattccaacctgaatgatgccacctatcagagaacgagagctctagtgcgtactggaatggacccccggatgtgctctctgatgcaaggatcaactctcccgaggagatctggagctgcaggtgcagcagtgaaggggatagggacaatggtgatggaactgattcggatgataaaacgagggatcaacgaccggaatttctggagaggcgaaaatggaagaaggacaaggattgcatacgagaggatgtgcaacatcctcaaagggaaattccaaacagcagcacaaagggcaatgatggatcaagtgcgagagagcagaaatcctgggaatgctgaaatagaagatctcatttttctggcaaggtctgcactcatcctgagaggatcagtggctcataaatcctgcttgcctgcttgtgtgtacggacttgcagtggccagtggatatgactttgagagagaagggtactccctggttggaatagatcctttccgtctgcttcaaaacagccaggtctttagtctcataagaccaaatgagaacccagcacataagagccaattagtgtggatggcatgccactctgcagcgtttgaggaccttagggtctcaagtttcattagagggacaagaatggtcccaagaggacagctatccactagaggagttcaaattgcttcaaatgagaacatagaagcaatggactccaatactcttgaactgagaagtagatattgggctataagaaccagaagcggagggaacaccaaccaacagagagcatctgcaggacaggtcagcgttcaacccactttctcagtacagagaaatcttcccttcgaaagagcaaccattatggcagcatttacaggaaatactgagggtagaacgtctgacatgaggactgaaatcataagaatgatggaaagtgccagaccagaagatgtgtcattccaggggcggggagtcttcgagctctcggacgaaaaggcaacgaacccgatcgtgccttcctttgacatgaataatgaaggatcttatttcttcggagacaatgcagaggagtatgacaattga
Shanghai,93,S1079,atggcgtctcaaggcaccaaacgatcctatgaacagatggaaactggtggggaacgccagaatgctactgagatcagggcatctgttggaagaatggttagcggcattgggagattctacatacagatgtgtacagaactcaaactcagtgacaatgaagggaggctgattcagaacagtataacaatagagagaatggtactctctgcatttgatgaaagaaggaacagatacctggaagagcaccccagtgcaggaaaggaccctaagaaaactggaggtccaatttacaggagaagagacggaaaatgggtgagagagctgatcttgtatgacaaagaggaaatcaggagaatttggcgacaagcgaacaatggagaggatgctactgctggtcttacccatctgatgatatggcattccaacctgaatgatgccacctatcagagaacgagagctctagtgcgtactggaatggacccccggatgtgctctctgatgcaaggatcaactctcccgaggagatctggagctgcaggtgcagcagtgaaggggatagggacaatggtgatggaactgattcggatgataaaacgagggatcaacgaccggaatttctggagaggcgaaaatggaagaaggacaaggattgcatacgagaggatgtgcaacatcctcaaagggaaattccaaacagcagcacaaagggcaatgatggatcaagtgcgagagagcagaaatcctgggaatgctgaaatagaagatctcatttttctggcaaggtctgcactcatcctgagaggatcagtggctcataaatcctgcttgcctgcttgtgtgtacggacttgcagtggccagtggatatgactttgagagagaagggtactccctggttggaatagatcctttccgtctgcttcaaaacagccaggtctttagtctcataagaccaaatgagaacccagcacataagagccaattagtgtggatggcatgccactctgcagcgtttgaggaccttagggtctcaagtttcattagagggacaagaatggtcccaagaggacagctatccactagaggagttcaaattgcttcaaatgagaacatagaagcaatggactccaatactcttgaactgagaagtagatattgggctataagaaccagaagcggagggaacaccaaccaacagagagcatctgcaggacaggtcagcgttcaacccactttctcagtacagagaaatcttcccttcgaaagagcaaccattatggcagcatttacaggaaatactgagggtagaacgtctgacatgaggactgaaatcataagaatgatggaaagtgccagaccagaagatgtgtcattccaggggcggggagtcttcgagctctcggacgaaaaggcaacgaacccgatcgtgccttcctttgacatgaataatgaaggatcttatttcttcggagacaatgcagaggagtatgacaattga
Shanghai,93,S1080,atggcgtctcaaggcaccaaacgatcctatgaacagatggaaactggtggggaacgccagaatgctactgagatcagggcatctgttggaagaatggttagcggcattgggagattctacatacagatgtgtacagaactcaaactcagtgacaatgaagggaggctgattcagaacagtataacaatagagagaatggtactctctgcatttgatgaaagaaggaacagatacctggaagagcaccccagtgcgggaaaggaccctaagaaaactggaggtccaatttacaggagaagagacggaaaatgggtgagagagctgatcctgtatgacaaagaggaaatcaggagaatttggcgtcaagcgaacaatggagaggatgcaactgctggtcttacccatctgatgatatggcattccaacctgaatgatgccacctatcagagaacgagagctcttgtgcgtactggaatggatccccggatgtgctctctgatgcaaggatcaactcttccgaggagatctggagctgcaggcgcagcagtaaaggggataggaacaatggtgatggaactgattcggatgataaaacgagggatcaacgaccggaatttctggagaggcgaaaatgggagaagaacaaggattgcatacgagaggatgtgcaacatcctcaaggggaaattccaaacagcagcacaaagggcaatgatggatcaagtgcgagagagcagaaatcctgggaatgctgaaatagaagatctcatttttctggcaaggtctgcactcatcctgagaggatcagtggctcataagtcctgcttgcctgcttgtgtgtacggacttgcagtggccagtggatatgactttgaaagagaagggtactccctggttggaatagatcctttccgtctgcttcaaaacagccaggtctttagtctcattagaccaaatgagaacccagcacataagagccaattagtgtggatggcatgccactctgcagcatttgaggacctcagggtctcaagtttcatcagagggacaagaatggtcccaagaggacaactatccactagaggggttcaaattgcttcaaatgaaaacatggaagcaatgaactccaacactcttgaactgagaagtagatattgggccataagaaccagaagcggagggaacaccaaccaacagagggcgtctgcaggacaagtcagcgttcaacccactttctcggtacagagaaatcttcccttcgaaagagcaaccattatggcagcattcacaggaaatactgaaggtagaacgtctgacatgaggactgaaatcataagaatgatggaaagtgccagaccagaagatatgtcattccaggggcggggagtcttcgagctctcggacgaaaaggcaacgaacccgatcgtgccttcctttgacatgaataatgaaggatcttatttcttcggagacaatgcagaggagtatgacaattga
Shanghai,133,S1254,acctcaatcctggtattcgctctgattgcgatcattccaacaaatgcagacaaaatctgcctcggacatcatgccgtgtcaaacggaaccaaagtaaacacattaactgaaagaggagtggaagtcgtcaatgcaactgaaacagtggaacgaacaaacatccccaggatctgctcaaaagggaaaaggacagttgacctcggtcaatgtggactcctggggacaatcaccggaccacctcaatgtgaccaattcctagaattttcagccgatttaattattgagagacgagaaggaagtgatgtctgttatcctgggaaattcgtgaatgaggaagctctgaggcaaattctcagagagtcaggaggaattgacaaggaagcaatgggattcacatacagtggaataagaactaatggagcaaccagtgcatgtaggagatcaggatcttcattctatgcagaaatgaaatggctcctgtcaaacacagataatgctgcattcccgcagatgactaagtcatataaaaatacaagaaaaagcccagctctaatagtatgggggatccatcattccgtatcaactgcagagcaaaccaagctatatgggagtggaaacaaactggtgacagttgggagttctaattatcaacaatcttttgtaccgagtccaggagcgagaccacaagttaatggtctatctggaagaattgactttcattggctaatgctaaatcccaatgatacagtcactttcagtttcaatggggctttcatagctccagaccgtgcaagcttcctgagagggaaatctataggaatccagagtggagtacaggttgatgccaattgtgaaggggactgctatcatagtggagggacgataataagtaacttgccatttcagaacatagatagcagggcagttggaaaatgtcctagatatgttaagcaaaggagtctgctgctagcaacagggatgaagaatgttcctgagattccaaagggaagaggcctatttggtgctatagcgggtttcattgaaaatggatgggaaggcctaattgatggttggtatggtttcagacaccagaatgcacagggagagggaactgctgcagattacaaaagcactcaatcggcaattgatcaaataacaggaaaattaaaccggcttatagaaaaaaccaaccaacaatttgagttgatagacaatgaattcaatgaggtagagaagcaaatcggtaatgtgataaattggaccagagattctataacagaattgtggtcatacaacgctgaactcttagtagcaatggagaaccagcatacaattgatctggctgattcagaaatggacaaactgtacgaacgagtgaaaagacagctgagagagaatgctgaagaggatggcactggttgctttgaaatatttcacaaatgtgatgatgactgtatggccagtattagaaataacacctatgatcacagcaaatacagggaagaggcaatgcaaaatagaatacagattgacccagtcaaactaagcagtggctacaaagatgtgatactttggtttagcttcggggcatcatgtttcatacttctagccattgtaatgggccttgtcttcatatgtgtaaagaatggaaacctgcggtgcactatttgtatataa
Shanghai,133,S1267,caacagggatgaagaatgttcctgagattccaaagggaagaggcctatttggtgctatagcgggtttcattgaaaatggatgggaaggcctaattgatggttggtatggtttcagacaccagaatgcacagggagagggaactgctgcagattacaaaagcactcaatcggcaattgatcaaataacaggaaaattaaaccggcttatagaaaaaaccaaccaacaatttgagttgatagacaatgaattcaatgaggtagagaagcaaatcggtaatgtgataaattggaccagagattctataacagaattgtggtcatacaacgctgaactcttagtagcaatggagaaccagcatacaattgatctggctgattcagaaatggacaaactgtacgaacgagtgaaaagacagctgagagagaatgctgaagaggatggcactggttgctttgaaatatttcacaaatgtgatgatgactgtatggccagtattagaaataacacctatgatcacagcaaatacagggaagaggcaatgcaaaatagaatacagattgacccagtcaaactaagcagtggctacaaagatgtgatactttggtttagcttcggggcatcatgtttcatacttctagccattgtaatgggccttgtcttcatatgtgtaaagaatggaaacctgcggtgcactatttgtatataa
Shanghai,93,S1358,atggcgtctcaaggcaccaaacgatcctatgaacagatggaaactggtggggaacgccagaatgctactgaaatcagggcatctgttggaagaatggttagcggtattgggagattctacatacagatgtgtacagaactcaagctcagtgacaatgaagggagactgattcaaaacagtataacaatagagagaatggtactctctgcatttgatgaaagaaggaacagatacctggaagagcaccccagtgcaggaaaggaccctaagaaaactggaggtccaatttacaggagaagagacggaaaatgggtgagagagctgatcttgtatgacaaagaggaaatcaggagaatttggcgacaagcgaacaatggagaggatgcaactgctggtcttacccatctgatgatatggcattccaacctaaatgatgccacctatcagagaacgagagctctcgtgcgtactggaatggatccccggatgtgctctctgatgcaaggatcaactctcccgaggagatctggagctgcaggtgcagcagtgaaggggataggaacaatggtgatggaactgattcggatgataaaacgagggatcaacgaccggaatttctggagaggcgaaaatggaagaaggacaaggattgcatacgagaggatgtgcaacatcctcaaagggaaattccaaacagcagcacaaagggcaatgatggatcaagtgcgagagagcagaaatcctgggaatgctgaaatagaagatctcatttttctggcaaggtctgcactcatcctgagaggatcagtggctcataaatcctgcttgcctgcttgtgtgtacggacttgcagtggccagtggatatgactttgagagagaaggttattccctggttggaatagatcctttccgtctgcttcaaaacagccaggtctttagtctcattagaccaaatgagaacccagcacataagagccaattagtgtggatggcatgccactctgcagcgtttgaggaccttagggtctcaagttttattagaggggcaagaatggtcccaagaggacagctatccactagaggggttcagattgcttcaaatgagaacatagaagcaatggactccaatactcttgaactgagaagtagatattgggctataagaaccagaagcggagggaacaccaaccaacagagggcatctgcaggacaggtcagcgttcaacccactttctcagtacagagaaatcttcccttcgaaagagcaaccattatggcagcatttacaggaaatactgagggtagaacgtctgacatgaggactgaaatcataagaatgatggaaagtgccagaccagaagatgtgtcattccaggggcggggagtcttcgagctctcggacgaaaaggcaacgaacccgatcgtgccttcctttgacatgaataatgaaggatcttatttcttcggagacaatgcagaggagtatgacaattga
Shanghai,93,S1410,atggcgtctcaaggcaccaaacgatcctatgaacagatggaaactggtggggaacgccagaatgctactgagatcagggcatctgttggaagaatggttagcggcattgggagattctacatacagatgtgtacagaactcaaactcagtgacaatgaagggaggctgattcagaacagtataacaatagagagaatggtactctctgcatttgatgaaagaaggaacagatacctggaagagcaccccagtgcaggaaaggaccctaagaaaactggaggtccaatttacaggagaagagacggaaaatgggtgagagagctgatcctgtatgacaaagaggaaatcaggagaatttggcgacaagcgaacaatggagaggatgcaactgctggtcttacccatctgatgatatggcattccaacctgaatgatgctacctatcagagaacgagagctctcgtgcgtactggaatggatccccggatgtgctctctgatgcaaggatcaactctcccgaggagatctggagctgcaggtgcagcagtgaaggggatagggacaatggtgatggaactgattcggatgataaaacgagggatcaacgaccggaatttctggagaggcgaaaatggaagaaggacaagaattgcatatgagagaatgtgcaacatcctcaaagggaaattccaaacagcagcacaaagggcaatgatggatcaagtgcgagagagcagaaatcctgggaatgctgaaatagaagatctcatttttctggcaaggtctgcactcatcctgagaggatcagtggctcataaatcctgcttgcctgcttgtgtgtacggacttgcagtggctagtggatatgactttgagagagaagggtactccttggttggaatagatcctttccgtctgcttcaaaacagccaggtctttagtctcattagaccaaatgagaacccagcacataagagccaactagtgtggatggcatgccactctgcagcgtttgaggaccttagggtctcaagtttcattagagggacaagaatggtcccaagaggacagctatccactagaggggttcaaattgcttcaaatgagaacatggaagcaatggactccaatactcttgaactgagaagtagatattgggctataagaaccagaagcggagggaacaccaaccaacagagggcatctgcaggacaagtcagcgttcaacccactttctcagtacagagaaaccttcctttcgaaagagcaaccattatggcagcatttacaggaaatactgagggtagaacgtctgacatgaggactgaaatcataagaatgatggaaagtgccagaccagaagatgtgtcattccaggggcggggagtcttcgagctctcggacgaaaaggcaacgaacccgatcgtgccttcctttgacatgaataatgaaggatcttatttcttcggagacaatgcagaggagtatgacaattga
Shanghai,93,S1413,atggcgtctcaaggcaccaaacgatcctatgaacagatggaaactggtggggaacgccagaatgctactgagatcagggcatctgttggaagaatggttagcggcattgggagattctacatacagatgtgtacagaactcaaactcagtgacaatgaagggaggctgattcagaacagtataacaatagagagaatggtactctctgcatttgatgaaagaaggaacagatacctggaagagcaccccagtgcaggaaaggaccctaagaaaactggaggtccaatttacaggagaagagacggaaaatgggtgagagagctgatcctgtatgacaaagaggaaatcaggagaatttggcgacaagcgaacaatggagaggatgcaactgctggtcttacccatctgatgatatggcattccaacctgaatgatgctacctatcagagaacgagagctctcgtgcgtactggaatggatccccggatgtgctctctgatgcaaggatcaactctcccgaggagatctggagctgcaggtgcagcagtgaaggggatagggacaatggtgatggaactgattcggatgataaaacgagggatcaacgaccggaatttctggagaggcgaaaatggaagaaggacaagaattgcatatgagagaatgtgcaacatcctcaaagggaaattccaaacagcagcacaaagggcaatgatggatcaagtgcgagagagcagaaatcctgggaatgctgaaatagaagatctcatttttctggcaaggtctgcactcatcctgagaggatcagtggctcataaatcctgcttgcctgcttgtgtgtacggacttgcagtggctagtggatatgactttgagagagaagggtactccttggttggaatagatcctttccgtctgcttcaaaacagccaggtctttagtctcattagaccaaatgagaacccagcacataagagccaactagtgtggatggcatgccactctgcagcgtttgaggaccttagggtctcaagtttcattagagggacaagaatggtcccaagaggacagctatccactagaggggttcaaattgcttcaaatgagaacatggaagcaatggactccaatactcttgaactgagaagtagatattgggctataagaaccagaagcggagggaacaccaaccaacagagggcatctgcaggacaggtcagcgttcaacccactttctcagtacagagaaaccttcctttcgaaagagcaaccattatggcagcatttacaggaaatactgagggtagaacgtctgacatgaggactgaaatcataagaatgatggaaagtgccagaccagaagatgtgtcattccaggggcggggagtcttcgagctctcggacgaaaaggcaacgaacccgatcgtgccttcctttgacatgaataatgaaggatcttatttcttcggagacaatgcagaggagtatgacaattga
Shanghai,133,S1414,tcaatcctggtattcgctctgattgcgatcattccaacaaatgcagacaaaatctgcctcggacatcatgccgtgtcaaacggaaccaaagtaaacacattaactgaaagaggagtggaagtcgtcaatgcaactgaaacagtggaacgaacaaacatccccaggatctgttcaaaagggaaaaggacagttgacctcggtcaatgtggactcctggggacaatcacaggaccacctcaatgtgaccaattcctagaattttcggccgatttaattattgagaggcgagaaggaagtgatgtctgttatcctgggaaattcgtgaatgaagaagctctgaggcaaattctcagagaatcaggtggaattgacaaggaagcaatgggattcacatacagtggaataagaactaatggagcaaccagtgcatgtaggagatcaggatcttcattctatgcagaaatgaaatggctcctgtcaaacacagataatgctgcattcccgcagatgactaagtcatataaaaatacaagaaaaagcccagctataatagtatgggggatccatcattccgtttcaactgcagagcaaaccaagctatatgggagtggaaacaaactggtgacagttgggagttctaattatcaacaatctttcgtaccgagtccaggagcgagaccacaagttaatggtctatctggaagaattgactttcattggctaatgctaaatcccaatgatacagtcactttcagtttcaatggggctttcatagctccagaccgtgcaagcttcctgagaggaaaatctatgggaatccagagtggagtacaggttgatgccaattgtgaaggggactgctatcatagtggagggacaataataagtaacttgccatttcagaacatagatagcagggcagttggaaaatgtccgagatatgttaagcaaaggagtctgctgctggcaacagggatgaagaatgttcctgagattccaaagggaagaggcctatttggtgctatagcgggtttcattgaaaatggatgggaaggcctaattgatggttggtatggtttcagacaccagaatgcacagggagagggaactgctgcagattacaaaagcactcaatcggcaattgatcaaataacagggaaattaaaccggcttatagcaaaaaccaaccaacaatttgagttgatagacaatgaattcaatgaggtagagaagcaaatcggtaatgtgataaattggaccagagattctataacagaagtgtggtcatacaatgctgaactcttggtagcaatggagaaccagcatacaattgatctggctgattcagaaatggacaaactgtacgaacgagtgaaaagacagctgagagagaatgctgaagaagatggcactggttgctttgaaatatttcacaagtgtgatgatgactgtatggccagtattagaaataacacctatgatcacagaaaatacagggaagaggcaatgcaaaatagaatacagattgacccagtcaaactaagcagcggctacaaagatgtgatactttggtttagcttcggggcatcatgtttcatacttctagccattgtaatgggccttgtcttcatatgtgtaaagaatggaaacatgcggtgcactatttgtatataa
Shanghai,133,S1439,tcaatcctgatattcgctctgattgcgatcattccaacaaatgcagacaaaatctgcctcggacatcatgccgtgtcaaacggaaccaaagtaaacacattaactgaaagaggagtggaagtcgtcaatgcaactgaaacagtggaacgaacaaacatccccaggatctgctcaaaagggaaaaggacagttgacctcggtcaatgtggactcctggggacaatcaccggaccacctcaatgtgaccaattcctagaattttcagccgatttaattattgagagacgagaaggaagtgatgtctgttatcctgggaaattcgtgaatgaggaagctctgaggcaaattctcagagagtcaggaggaattgacaaggaagcaatgggattcacatacagtggaataagaactaatggagcaaccagtgcatgtaggagatcaggatcttcattctatgcacaaatgaaatggctcctgtcaaacacagataatgctgcattcccgcagatgactaagtcatataaaaatacaagaaaaagcccagctttaatagtatgggggatccatcattccgtatcaactgcagagcaaaccaagctatatgggagtggaaacaaactggtgacagttgggagttctaattatcaacaatcttttgtaccgagtccaggagcgagaccacaagttaatggtctatctggaagaattgactttcattggctaatgctaaatcccaatgatacagtcactttcagtttcaatggggctttcatagctccagaccgtgcaagcttcctgagagggaaatctataggaatccagagtggagtacaggttgatgccaattgtgaaggggattgctatcatagtggagggacgataataagtaacttgccctttcagaacatagatagcagggcagttggaaaatgtcctagatatgttaagcataggagtctgctgctagcaacagggatgaagaatgttcctgagattccaaagggaagaggcctatttggtgctatagcgggtttcattgaaaatggatgggaaggcctaattgatggttggtatggtttcagacaccagaatgcacagggagagggaactgctgcagattacaaaagcactcaatcggcaattgatcaaataacaggaaaattaaaccggcttatagaaaaaaccaaccaacaatttgagttgatagacaatgaattcaatgaggtagagaagcaaatcggtaatgtgataaattggaccagagattctataacagaattgtggtcatacaacgctgaactcttagtagcaatggagaaccagcatacaattgatctggctgattcagaaatggacaacctgtacgaccgagtgaaaagacagctgagagagaatgctgaagaggatggcactggttgctttgaaatatttcacaaatgtgatgatgactgtatggccagtattagaaataacacctatgatcacagcaaatacagggaagaggcaatgcaaaatagaatacagattgacccagtcaaactaagcagtggttacaaagatgtgatactttggtttagcttcggggcctcatgtttcatacttctagccattgtaatgggccttgtcttcatatgtgtaaagaatggaaacctgcggtgcactatttgtatatag
Shanghai,133,S1458,tcatagctccagaccgtgcaagcttcctgagaggaaaatctataggaatccagagtggagtacaggttgatgccaattgtgaaggggactgctatcatagtggagggacgataataagtaacttgccatttcagaacatagatagcagggcagttggaaaatgtcctagatatgttaagcaaaggagtctgctgctagcaacagggatgaagaatgttcctgagattccaaagggaagaggcctatttggtgctatagcgggtttcattgaaaatggatgggaaggcctaattgatggttggtatggtttcagacaccagaatgcacagggagagggaactgctgcagattacaaaagcactcaatcggcaattgatcaaataacaggaaaattaaaccggcttatagaaaaaaccaaccaacaatttgagttgatagacaatgaattcaatgaggtagagaagcaaatcggtaatgtgataaattggaccagagattctataacagaattgtggtcatacaacgctgaactcttagtagcaatggagaaccagcatacaattgatctggctgattcagaaatggacaaactgtacgaacgagtgaaaagacagctgagagagaatgctgaagaggatggcactggttgctttgaaatatttcacaaatgtgatgatgactgtatggccagtattagaaataacacctatgatcacagcaaatacagggaagaggcaatgcaaaatagaatacagattgacccagtcaaactaagcagtggctacaaagatgtgatactttggtttagcttcggggcatcatgtttcatacttctagccattgtaatgggccttgtcttcatatgtgtaaagaatggaaacctgcggtgcactatttgtatataa
Shanghai,310,S3061,tcaatcctggtattcgctctgattgcgatcattccaacaaatgcagacaaaatctgcctcggacatcatgccgtgtcaaacggaaccaaagtaaacacattaactgaaagaggagtggaagtcgtcaatgcaactgaaacagtggaacgaacaaacatccccaggatctgctcaaaagggaaaaggacagttgacctcggtcaatgtggactcctggggacaatcactggaccacctcaatgtgaccaattcctaaaattttcggccgatttaattattgagaggcgagaaggaagtgatgtctgttatcctgggaaattcgtgaatgaagaagctctgaggcaaattctcagagaatcaggcggaattgacaaggaagcaatgggattcacatacaatggaataagaactaatggagtaaccagtgcatgtaagagatcaggatcttcattctatgcagaaatgaaatggctcctgtcaaacacagataatgctgcattcccgcagatgactaagtcatataaaaatacaagaaaaagcccagctataatagtatgggggatccatcattccgtttcaactgcagagcaaaccaagctatatgggagtggaaacaaactggtgacagttgggagttctaattatcaacaatctttcgtaccgagtccaggagcgagaccacaagttaatggtctatctggaagaattgactttcattggctaatgctaaatcccaatgatacagtcactttcagtttcaatggggctttcatagctccagaccgtgcaagcttcctgagaggaaaatctatgggaatccagagtggagtacaggttgatgccaattgtgaaggggattgttatcatagtggtgggacaataataagtaacttgacatttcagaacatagatagcagggcagttggaaaatgtccgagatatgttaagcaaaggagtctgctgctggcaacagggatgaagaatgttcctgagattccaaagggaagaggcctatttggtgttatagcgggtttcattgaaaatggatgggaaggcgtaattgatggttggtatggtttcagacaccagaatgcacagggagagggaactgctgcagattacaaaagcactcaatcggcaattgatcaaataacagggaaattaaaccgggttatagcaaaaaccaaccaacaatttgagttgatagacaatgaattcaatgaggtagagaagcaaatcggtaatgtgataaattggaccagagattctataacagaagtgtggtcatacaatgctgaactcttggtagcaatggagaaccagcatacaattgatctgggtgattcagaaatggacaaactgtacgaacgagtgaaaagacagctgagagagaacagtgaagaggatggcaccggttgctttgaaatatttcacaagtgtgatgaaagagcaaccgccagtattagaaataacacctatgatcacagaaaatacagggaagaggcaatgcaaaatagagaatggaggaacccagccaaactaagcagcggtcacaacagggtggtggtttggtttagctttggggcgtcaaggttcataaccctggccagcgtaatgggccacgtgttcataagtgtaaagaatgtaaacatgcggtgc
Shanghai,310,S3064,tgacctcaatcctggtattcgctctgattgcgatcattccaacaaatgcagacaaaatctgcctcggacatcatgccgtgtcaaacggaaccaaagtaaacacattaactgaaagaggagtggaagtcgtcaatgcaactgaaacagtggaacgaacaaacatccccaggatctgctcaaaagggaaaaggacagttgacctcggtcaatgtggactcctggggacaatcactggaccacctcaatgtgaccaattcctagaattttcggccgatttaattattgagaggcgagaaggaagtgatgtctgttatcctgggaaattcgtgaatgaagaagctctgaggcaaattctcagagaatcaggcggaattgacaaggaagcaatgggattcacatacaatggaataagaactaatggagtaaccagtgcatgtaagagatcaggatcttcattctatgcagaaatgaaatggctcctgtcaaacacagataatgctgcattcccgcagatgactaagtcatataaaaatacaagaaaaagcccagctataatagtatgggggatccatcattccgtttcaactgcagagcaaaccaagctatatgggagtggaaacaaactggtgacagttgggagttctaattatcaacaatctttcgtaccgagtccaggagcgagaccacaagttaatggtctatctggaagaattgactttcattggctaatgctaaatcccaatgatacagtcactttcagtttcaatggggctttcatagctccagaccgtgcaagcttcctgagaggaaaatctatgggaatccagagtggagtacaggttgatgccaattgtgaaggggactgctatcatagtggtgggacaataataagtaacttgccatttcagaacatagatagcagggcagttggaaaatgtccgagatatgttaagcaaaggagtctgctgctggcaacagggatgaagaatgttcctgagattccaaagggaagaggcctatttggtgctatagcgggtttcattgaaaatggatgggaaggcctaattgatggttggtatggtttcagacaccagaatgcacagggagagggaactgctgcagattacaaaagcactcaatcggcaattgatcaaataacagggaaattaaaccgggttatagcaaaaaccaaccaacaatttgagttgatagacaatgaattcaatgaggtagagaagcaaatcggtaatgtgataaattggaccagagattctataacagaagtgtggtcatacaatgctgaactcttggtagcaatggagaaccagcatacaattgatctggctgattcagaaatggacaaactgtacgaacgagtgaaaagacagctgagagagaatgctgaagaggatggcactggttgctttgaaatatttcacaagtgtgatgatgactgtatggccagtattagaaataacacctatgatcacagaaaatacagggaagaggcaatgcaaaatagaatacagattgacccagtcaaactaagcagcggctacaaagatgtgatactttggtttagtttcggggcatcatgtttcatacttctagccattgtaatgggccttgtcttcatatgtgtaaagaatggaaacatgcggtgcactatttgtatataa
Shanghai,310,S3065,acctcaatcctggtattcgctctgattgcgatcattccaacaaatgcagacaaaatctgcctcggacatcatgccgtgtcaaacggaaccaaagtaaacacattaactgaaagaggagtggaagtcgtcaatgcaactgaaacagtggaacgaacaaacatccccaggatctgctcaaaagggaaaaggacagttgacctcggtcaatgtggactcctggggacaatcactggaccacctcaatgtgaccaattcctagaattttcggccgatttaattattgagaggcgagaaggaagtgatgtctgttatcctgggaaattcgtgaatgaagaagctctgaggcaaattctcagagaatcaggcggaattgacaaggaagcaatgggattcacatacaatggaataagaactaatggagtaaccagtgcatgtaagagatcaggatcttcattctatgcagaaatgaaatggctcctgtcaaacacagataatgctgcattcccgcagatgactaagtcatataaaaatacaagaaaaagcccagctataatagtatgggggatccatcattccgtttcaactgcagagcaaaccaagctatatgggagtggaaacaaactggtgacagttgggagttctaattatcaacaatctttcgtaccgagtccaggagcgagaccacaagttaatggtctatctggaagaattgactttcattggctaatgctaaatcccaatgatacagtcactttcagtttcaatggggctttcatagctccagaccgtgcaagcttcctgagaggaaaatctatgggaatccagagtggagtacaggttgatgccaattgtgaaggggactgctatcatagtggtgggacaataataagtaacttgccatttcagaacatagatagcagggcagttggaaaatgtccgagatatgttaagcaaaggagtctgctgctggcaacagggatgaagaatgttcctgagattccaaagggaagaggcctatttggtgctatagcgggtttcattgaaaatggatgggaaggcctaattgatggttggtatggtttcagacaccagaatgcacagggagagggaactgctgcagattacaaaagcactcaatcggcaattgatcaaataacagggaaattaaaccggcttatagcaaaaaccaaccaacaatttgagttgatagacaatgaattcaatgaggtagagaagcaaatcggtaatgtgataaattggaccagagattctataacagaagtgtggtcatacaatgctgaactcttggtagcaatggagaaccagcatacaattgatctggctgattcagaaatggacaaactgtacgaacgagtgaaaagacagctgagagagaatgctgaagaggatggcactggttgctttgaaatatttcacaagtgtgatgatgactgtatggccagtattagaaataacacctatgatcacagaaaatacagggaagaggcaatgcaaaatagaatacagattgacccagtcaaactaagcagcggctacaaagatgtgatactttggtttagcttcggggcatcatgtttcatacttctagccattgtaatgggccttgtcttcatatgtgtaaagaatggaaacatgcggtgcactatttgtatataa
Shanghai,310,S3075,ctggtattcgctctgattgcgatcattccaacaaatgcagacaaaatctgcctcggacatcgtgccgtgtcaaacggaaccaaagtaaacacattaactgaaaaaggattggaagtcttcgatgctactgaaacagtggaacgaacaaacatccccaggatctgctcaaaggggaaaaggacagttgacctcggtcaatgtggactcctggggacaatcactggaccacctcaatgtgaccaattcctaaaattttccgccgatttaattattgacaggcgagaaggaagtgatgtctgttatcctgggaaattcgtgaatgaaaaagctctgaggcaaattctcagagaatcaagcggaattgacaaggaagcaatgggattcacatacgatggaataagaactaatggactaaccagtgcatgtaatagatcacgatcttcattctatgcacaaatgaaatggctcctgtcgaacacagataatgctgccttcccgcagatgactaagtcatataaaaatacaacaaaaagcccagctataatagtatgggggatccatcattccgtttcaactgcagagcaaaccaagctatatgggagtggaaacaaactggtgacagttgggagttctaattatcaacaatctttcgtaccgagtccaggagcgagaccacaagttaatggtctatctggaataattgactttcattggctaatgctaaatcccaatgatacagtcactttcagtttcaatggggctttcatagctccagaccgtgcaagcttcctgagaggaaaatctatgggaatccagagtggagtacaggttgatgccaattgtgaaggggactgctatcatagtggtgagacaataatacgtaactcgccatttcagaacatagatagcagggcagttggaaaatgtccgagatatgttaagcaaaggagtctgctgctggcaacagggatgaagaatgttcatgagattccaaagggaagaggcctatttggtggtatagcgggtctcattgaaaatggatgggaaggcataattgatggttggtatggtttcagacaccagaatgcacagggagagggaaatgccgcagattacaaaagcactcaatcggcaattgatcaaataacagggaaattaaaccgggttatagcaaaaaccaaccaacaatttgagctgatagacaatgaattcaatgaggtagagaagcaaatcggtaatgtgataaattggaccagagattgtataacagaagtgtggtcatacaatgctgaactcttggtagcaatggtgaaccagcatacaattgatctggctgattcagaaatggacaaactgtgcgaacgagtgaaaagacagctgagagagaatggtgaagaggatggcactggttgctttgaaatatttcccaagtgtgatgatgagcgtacggccagtattagaaataacacctatgatcacagaaaatacagggaagaggcaatgcaaaatagaatacagattgaccccctcaacataagcagcggctacacagatgtgatgatttggtttagtttcggggcatcaggtttcatacttctagccactgtaatgggccttgtcttcatatgtgttaagaatggtaacatgcaatgc
Shanghai,310,S3084,gtgacctcaatcctggtattcgctctgattgcgatcattccaacaaatgcagacaaaatctgcctcggacatcatgccgtgtcaaacggaaccaaagtaaacacattaactgaaagaggagtggaagtcgtcaatgcaactgaaacagtggaacgaacaaacatccccaggatctgctcaaaagggaaaaggacagttgacctcggtcaatgtggactcctggggacaatcactggaccacctcaatgtgaccaattcctagaattttcggccgatttaattattgagaggcgagaaggaagtgatgtctgttatcctgggaaattcgtgaatgaagaagctctgaggcaaattctcagagaatcaggcggaattgacaaggaagcaatgggattcacatacaatggaataagaactaatggagtaaccagtgcatgtaagagatcaggatcttcattctatgcagaaatgaaatggctcctgtcaaacacagataatgctgcattcccgcagatgactaagtcatataaaaatacaagaaaaagcccagctataatagtatgggggatccatcattccgtttcaactgcagagcaaaccaagctatatgggagtggaaacaaactggtgacagttgggagttctaattatcaacaatctttcgtaccgagtccaggagcgagaccacaagttaatggtctatctggaagaattgactttcattggctaatgctaaatcccaatgatacagtcactttcagtttcaatggggctttcatagctccagaccgtgcaagcttcctgagaggaaaatctatgggaatccagagtggagtacaggttgatgccaattgtgaaggggactgctatcatagtggtgggacaataataagtaacttgccatttcagaacatagatagcagggcagttggaaaatgtccgagatatgttaagcaaaggagtctgctgctggcaacagggatgaagaatgttcctgagattccaaagggaagaggcctatttggtgctatagcgggtttcattgaaaatggatgggaaggcctaattgatggttggtatggtttcagacaccagaatgcacagggagagggaactgctgcagattacaaaagcactcaatcggcaattgatcaaataacagggaaattaaaccggcttatagcaaaaaccaaccaacaatttgagttgatagacaatgaattcaatgaggtagagaagcaaatcggtaatgtgataaattggaccagagattctataacagaagtgtggtcatacaatgctgaactcttggtagcaatggagaaccagcatacaattgatctggctgattcagaaatggacaaactgtacgaacgagtgaaaagacagctgagagagaatgctgaagaggatggcactggttgctttgaaatatttcacaagtgtgatgatgactgtatggccagtattagaaataacacctatgatcacagaaaatacagggaagaggcaatgcaaaatagaatacagattgacccagtcaaactaagcagcggctacaaagatgtgatactttggtttagcttcggggcatcatgtttcatacttctagccattgtaatgggccttgtcttcatatgtgtaaagaatggaaacatgcggtgcactatttgtatataa
Shanghai,310,S3085,acctcaatcctggtattcgctctgattgcgatcattccaacaaatgcagacaaaatctgcctcggacatcgtgccgtgtcaaacggaaccaaagtagacaccttatctgaaaaaggattggaagtcttcaatgctactgaaacagtggaacgaacaaacatcccccggatctgctcaaaggggaaaaggacagttgacctcggtcaatgtggactccgggggacaatcactggaccacctcaatgtgaccaattcctaaaattttccgccgatttaattattgacaggcgagaaggaagtgatgtctgttatcctgggaaattcgtgaatgaaaaagctctgaggcaaattctcaaagaatcaagcggaattgacaaggaagcaatgggattcacatacgatggaataagaactaatggactaaccagtgcatgtaatagatcacgatcttcattctatgcacaaatgaaatggctcctgtcgaacacagataatgctgccttcccgcagatgactaagtcatataaaaataccccaaaaagcccagctataatagtatgggggatccatcattccgtttcaactgcagagcaaaccaagctatatgggagtggaaacgaactggtgacagttgggagttctaattatcaacgatctttcgtaccgagtccaggagcgagaccacaagttaatggtctatctggaataattgactttcattggctaatgctaaatcccaatgatacagtcactttcagtttcaatggggctttcatagctccagaccgtgcaagcttcctgagaggaaaatctatgggaatccagagtggagtacaggttgatgccaattgtgaaggggactgctatcatagttgtgggacaataataagtaactcgacatttcagaacatagatagcagggcagttcgaaaatgtgcgagatatgttaagcaaaggagtctgctgctggcaacagggatgaagaatgttcatgagattccaaagggaagaggcctatttggcggtatagcgggtctcatggaaaatggatgggaagtcatagttgatggttggtatggtttcagacaccagaatgcacagggagagggaactgccacagattacaaaagcactcaatcggcaattgatcaaataacagggaaattaaaccgggttatagcaaaaaccaaccaacaatgtgagctgatagacaatgaattcaatgaggtagagaagcaaattggtaatgtgataaattggaccagagattggataacagaagtgtggtcatgcactgctgaactcttggtagcaatggtgaaccagcatacaattgatctgggtgattcagaaatggacaagatgtacgaacgagtgaaaagacagctgagagagacaggtgaagaggatggcactggttgctttgaaatatttcccaagtgtgatgatgagcgtacggccagtatgcgaaataacacatatgatcacagaaaatacagggaagaggcaatgcatcatagaatacagataaaccccctcaacataagcagcgtctacacagatgtgatgagttggtttagtttcggggcaacaggcttcaaacttctagccactgtaatgggccatgtaatcagatgtgttaagaatggtaacatgcaatgcactatttgtatataa
Shanghai,310,S3086,ctggtattcgctctgattgcgatcattccaacaaatgcagacaaaatctgcctcggacatcatgccgtgtcaaacggaaccaaagtaaacacattaactgaaagaggagtggaagtcgtcaatgcaactgaaacagtggaacgaacaaacatccccaggatctgctcaaaagggaaaaggacagttgacctcggtcaatgtggactcctggggacaatcactggaccacctcaatgtgaccaattcctagaattttcggccgatttaattattgagaggcgagaaggaagtgatgtctgttatcctgggaaattcgtgaatgaagaagctctgaggcaaattctcagagaatcaggcggaattgacaaggaagcaatgggattcacatacaatggaataagaactaatggagtaaccagtgcatgtaagagatcaggatcttcattctatgcagaaatgaaatggctcctgtcaaacacagataatgctgcattcccgcagatgactaagtcatataaaaatacaagaaaaagcccagctataatagtatgggggatccatcattccgtttcaactgcagagcaaaccaagctatatgggagtggaaacaaactggtgacagttgggagttctaattatcaacaatctttcgtaccgagtccaggagcgagaccacaagttaatggtctatctggaagaattgactttcattggctaatgctaaatcccaatgatacagtcactttcagtttcaatggggctttcatagctccagaccgtgcaagcttcctgagaggaaaatctatgggaatccagagtggagtacaggttgatgccaattgtgaaggggactgctatcatagtggtgggacaataataagtaacttgccatttcagaacatagatagcagggcagttggaaaatgtccgagatatgttaagcaaaggagtctgctgctggcaacagggatgaagaatgttcctgagattccaaagggaagaggcctatttggtgctatagcgggtttcattgaaaatggatgggaaggcctaattgatggttggtatggtttcagacaccagaatgcacagggagagggaactgctgcagattacaaaagcactcaatcggcaattgatcaaataacagggaaattaaaccggcttatagcaaaaaccaaccaacaatttgagttgatagacaatgaattcaatgaggtagagaagcaaatcggtaatgtgataaattggaccagagattctataacagaagtgtggtcatacaatgctgaactcttggtagcaatggagaaccagcatacaattgatctggctgattcagaaatggacaaactgtacgaacgagtgaaaagacagctgagagagaatgctgaagaggatggcactggttgctttgaaatatttcacaagtgtgatgatgactgtatggccagtattagaaataacacctatgatcacagaaaatacagggaagaggcaatgcaaaatagaatacagattgacccagtcaaactaagcagcggctacaaagatgtgatactttggtttagtttcggggcatcatgtttcatacttctagccattgtaatgggccttgtcttcatatgtgtaaagaatggaaacatgcggtgcact
Shanghai,310,S3087,acctcaatcgtggtattcgctctgattgcgatcattccaacaaatgcagacaaaatctgcctcggacatcatgccgtgtcaaacggaaccaaagtaaacacattaactgaaagaggagtggaagtcgtcaatgcaactgaaacagtggaacgaacaaacatccccaggatctgctcaaaagggaaaaggacagttgacctcggtcaatgtggactcctggggacaatcactggaccacctcaatgtgaccaattcctaaaattttcggccgatttaattattgagaggcgagaaggaagtgatgtctgttatcctgggaaattcgtgaatgaagaagctctgaggcaaattctcagagaatcaggcggaattgacaaggaagcaatgggattcacatacaatggaataagaactaatggagtaaccagtgcatgtaagagatcaggatcttcattctatgcagaaatgaaatggctcctgtcaaacacagataatgctgcattcccgcagatgactaagtcatataaaaatacaagaaaaagcccagctataatagtatgggggatccatcattccgtttcaactgcagagcaaaccaagctatatgggagtggaaacaaactggtgacagttgggagttctaattatcaacaatctttcgtaccgagtccaggagcgagaccacaagttaatggtctatctggaagaattgactttcattggctaatgctaaatcccaatgatacagtcactttcagtttcaatggggctttcatagctccagaccgtgcaagcttcctgagaggaaaatctatgggaatccagagtggagtacaggttgatgccaattgtgaaggggactgctatcatagtggtgggacaataataagtaacttgccatttcagaacatagatagcagggcagttggaaaatgtccgagatatgttaagcaaaggagtctgctgctggcaacagggatgaagaatgttcctgagattccaaagggaagaggcctatttggtgctatagcgggtttcattgaaaatggatgggaaggcctaattgatggttggtatggtttcagacaccagaatgcacagggagagggaactgctgcagattacaaaagcactcaatcggcaattgatcaaataacagggaaattaaaccgggttatagcaaaaaccaaccaacaatttgagttgatagacaatgaattcaatgaggtagagaagcaaatcggtaatgtgataaattggaccagagattctataacagaagtgtggtcatacaatgctgaactcttggtagcaatggagaaccagcatacaattgatctggctgattcagaaatggacaaactgtacgaacgagtgaaaagacagctgagagagaatgctgaagaggatggcactggttgctttgaaatatttcacaagtgtgatgatgactgtatggccagtattagaaataacacctatgatcacagaaaatacagggaagaggcaatgcaaaatagaatacagattgacccagtcaaaataagcagcggctacaaagatgtgatactttggtttagtttcggggcatcatgtttcatacttctagccactgtaatgggccttgtcttcatatgtgtaaagaatggaaacatgcggtgcactatttgtatataa
Shanghai,310,S3088,atcctggtattcgctctgattgcgatcattccaacaaatgcagacaaaatctgcctcggacatcatgccgtgtcaaacggaaccaaagtaaacacattaactgaaagaggagtggaagtcttcaatgctactgaaacagtggaacgaacaaacatccccaggatctgctcaaaagggaaaaggacagttgacctcggtcaatgtggactcctggggacaatcactggaccacctcaatgtgaccaattcctaaaattttcggccgatttaattattgagaggcgagaaggaagtgatgtctgttatcctgggaaattcgtgaatgaagaagctctgaggcaaattctcagagaatcaggcggaattgacaaggaagcaatgggattcacatacaatggaataagaactaatggagtaaccagtgcatgtaagagatcacgatcttcattctatgcagaaatgaaatggctcctgtcaaacacagataatgctgcattcccgcagatgactaagtcatataaaaatacaagaaaaagcccagctataatagtatgggggatccatcattccgtttcaactgcagagcaaaccaagctatatgggagtggaaacaaactggtgacagttgagagttctaattatcaacaatctttcgtaccgagtccaggagcgagaccacaagttaatggtctatctggaagaattgactttcattggctaatgctaaatcccaatgatacagtcactttcagtttcaatggggctttcatagctccagaccgtgcaagcttcctgagaggaaaatctatgggaatccagagtggagtacaggttgatgccaattgtgaaggggattgttatcatagtggtgggacaataataagtaacttgccatttcagaacatagatagcagggcagttggaaaatgtccgagatatgttaagcaaaggagtctgctgctggcaacagggatgaagaatgttcctgagattccaaagggaagaggcctatttggtgctatagcgggtttcattgaaaatggatgggaaggcctaattgatggttggtatggtttcagacaccagaatgcacagggagagggaactgctgcagattacaaaagcactcaatcggcaattgatcaaataacagggaaattaaaccgggttatagcaaaaaccaaccaacaatttgagttgatagacaatgaattcaatgaggtagagaagcaaatcggtaatgtgataaattggtccagagattctataacagaagtgtggtcatacaatgctgaactcttggtagcaatggagaaccagcatacaattgatctgggtgattcagaaatggacaaactgtacgaacgagtgaaaagacagctgagagagaatgctgaagaggatggcaccggttgctttgaaatatttcacaagtgtgatgatgactgtatggccagtattagaaataacacctatgatcacagaaaatacagggaagaggcaatgcaaaatagaatacagattgacccagtcaacctaagcagcggtcacaacgatgtggtggtgtgttttagctttggggcgtcatgtttaatacttctagccatcgtaatgggccttgtcttcataagtgtaaagaatggatacatgcggtgc
Shanghai,310,S3090,gtgacctcaatcctggtattcgctctgattgcgatcattccaacaaatgcagacaaaatctgcctcggacatcatgccgtgtcaaacggaaccaaagtaaacacattaactgaaagaggagtggaagtcgtcaatgcaactgaaacagtggaacgaacaaacatccccaggatctgctcaaaagggaaaaggacagttgacctcggtcaatgtggactcctggggacaatcactggaccacctcaatgtgaccaattcctagaattttcggccgatttaattattgagaggcgagaaggaagtgatgtctgttatcctgggaaattcgtgaatgaagaagctctgaggcaaattctcagagaatcaggcggaattgacaaggaagcaatgggattcacatacaatggaataagaactaatggagtaaccagtgcatgtaagagatcaggatcttcattctatgcagaaatgaaatggctcctgtcaaacacagataatgctgcattcccgcagatgactaagtcatataaaaatacaagaaaaagcccagctataatagtatgggggatccatcattccgtttcaactgcagagcaaaccaagctatatgggagtggaaacaaactggtgacagttgggagttctaattatcaacaatctttcgtaccgagtccaggagcgagaccacaagttaatggtctatctggaagaattgactttcattggctaatgctaaatcccaatgatacagtcactttcagtttcaatggggctttcatagctccagaccgtgcaagcttcctgagaggaaaatctatgggaatccagagtggagtacaggttgatgccaattgtgaaggggactgctatcatagtggtgggacaataataagtaacttgccatttcagaacatagatagcagggcagttggaaaatgtccgagatatgttaagcaaaggagtctgctgctggcaacagggatgaagaatgttcctgagattccaaagggaagaggcctatttggtgctatagcgggtttcattgaaaatggatgggaaggcctaattgatggttggtatggtttcagacaccagaatgcacagggagagggaactgctgcagattacaaaagcactcaatcggcaattgatcaaataacagggaaattaaaccggcttatagcaaaaaccaaccaacaatttgagttgatagacaatgaattcaatgaggtagagaagcaaatcggtaatgtgataaattggaccagagattctataacagaagtgtggtcatacaatgctgaactcttggtagcaatggagaaccagcatacaattgatctggctgattcagaaatggacaaactgtacgaacgagtgaaaagacagctgagagagaatgctgaagaggatggcactggttgctttgaaatatttcacaagtgtgatgatgactgtatggccagtattagaaataacacctatgatcacagaaaatacagggaagaggcaatgcaaaatagaatacagattgacccagtcaaactaagcagcggctacaaagatgtgatactttggtttagcttcggggcatcatgtttcatacttctagccattgtaatgggccttgtcttcatatgtgtaaagaatggaaacatgcggtgcactatttgtatataa
Shanghai,310,S3140,tcaatcctggtattcgctctgattgcgatcattccaacaaatgcagacaaaatctgcctcggacatcatgccgtgtctaacggaaccaaagtaaacacattaactgaaaaaggattggaagtcttcaatgctactgaaacagtggaacgaacaaacatccccaggatctgctcaaaagggaaaaggacagttgacctcggtcaatgtggactcctggggacaatcactggaccacctcaatgtgaccaattcctaaaattttccgccgatttaattattgacaggcgagaaggaagtgatgtctgttatcctgggaaattcgtgaatgaagaagctctgaggcaaattctcagagaatcaagcggaattgacaaggaagcaatgggattcacatacgatggaataagaactaatggagtaaccagtgcatgtaatagatcacgatcttcattctatgcagaaatgaaatggctcctgtcaaacacagataatgctgcattcccgcagatgactaagtcatataaaaatacaacaaaaagcccagctataatagtatgggggatccatcattccgtttcaactgcagagcaaaccaagctatatgggagtggaaacaaactggtgacagttgggagttctaattatcaacaatctttcgtaccgagtccaggagcgagaccacaagttaatggtctatctggaataattgactttcattggctaatgctaaatcccaatgatacagtcactttcagtttcaatgaagctttcatagctccagaccgtgcaagcgtcctgagaggaaaatctatgggaatccagagtggagtacaggttgatgccagttgtgaaggggtctgctatcatagtggtgagacaataataagtaacttgccatttcagaacatagatagcagggcagttggaaaatgtccgagatatgttaagcaaaggagtctgctgctggcaacagggatgaagaatgttcatgagattccaaagggaagaggcctatttggtggtatagcgggtttcattgaaaatggatgggaaggcataattgatggttggtatggtttcagacaccagaatgcacagggagagggaaatgccgcagattacaaaagcactcaatcggcaattgatcaaataacagggaaattaaaccgggttatagcaaaaaccaaccaacaatttgagctgatagacaatgaattcaatgaggtagagaagcaaatcggtaatgtgataaattggaccagagattgtataacagaagtgtggtcatacactgctgaactcttggtagcaatggagaaccagcatacaattgatctgggtgattcagaaatggacaaactgtacgaacgagcgaaaagacagctgagagagaatgctgaagaggatggcactggttgctttgaaatatttcacaagtgtgatgatgactgtacggccagtattcgaaataacacctatgatcacagaaaatacagggaagaggcaatgcaaaatagagtacagattgacccactcaacataagcagcggctacacagatgtggtaatttggtttagtttcggggcatcaggcttcatacttctagccactgtaatgggccttgtcttcatatgtgttaagaatggtaacatgcaatgc
Shanghai,310,S3167,acctcaatcctggtattcgctctgattgcgatcattccaacaaatgcagacaaaatctgcctcggacatcatgccgtgtcaaacggaaccaaagtaaacacattaactgaaagaggagtggaagtcgtcaatgcaactgaaacagtggaacgaacaaacatccccaggatctgctcaaaagggaaaaggacagttgacctcggtcaatgtggactcctggggacaatcactggaccacctcaatgtgaccaattcctagaattttcggccgatttaattattgagaggcgagaaggaagtgatgtctgttatcctgggaaattcgtgaatgaagaagctctgaggcaaattctcagagaatcaggcggaattgacaaggaagcaatgggattcacatacaatggaataagaactaatggagtaaccagtgcatgtaagagatcaggatcttcattctatgcagaaatgaaatggctcctgtcaaacacagataatgctgcattcccgcagatgactaagtcatataaaaatacaagaaaaagcccagctataatagtatgggggatccatcattccgtttcaactgcagagcaaaccaagctatatgggagtggaaacaaactggtgacagttgggagttctaattatcaacaatctttcgtaccgagtccaggagcgagaccacaagttaatggtctatctggaagaattgactttcattggctaatgctaaatcccaatgatacagtcactttcagtttcaatggggctttcatagctccagaccgtgcaagcttcctgagaggaaaatctatgggaatccagagtggagtacaggttgatgccaattgtgaaggggactgctatcatagtggtgggacaataataagtaacttgccatttcagaacatagatagcagggcagttggaaaatgtccgagatatgttaagcaaaggagtctgctgctggcaacagggatgaagaatgttcctgagattccaaagggaagaggcctatttggtgctatagcgggtttcattgaaaatggatgggaaggcctaattgatggttggtatggtttcagacaccagaatgcacagggagagggaactgctgcagattacaaaagcactcaatcggcaattgatcaaataacagggaaattaaaccggcttatagcaaaaaccaaccaacaatttgagttgatagacaatgaattcaatgaggtagagaagcaaatcggtaatgtgataaattggaccagagattctataacagaagtgtggtcatacaatgctgaactcttggtagcaatggagaaccagcatacaattgatctggctgattcagaaatggacaaactgtacgaacgagtgaaaagacagctgagagagaatgctgaagaggatggcactggttgctttgaaatatttcacaagtgtgatgatgactgtatggccagtattagaaataacacctatgatcacagaaaatacagggaagaggcaatgcaaaatagaatacagattgacccagtcaaactaagcagcggctacaaagatgtgatactttggtttagcttcggggcatcatgtttcatacttctagccattgtaatgggccttgtcttcatatgtgtaaagaatggaaacatgcggtgcactatttgtatataa
Shanghai,310,S3169,ctggtattcgctctgattgcgagcattccaacaaatgcagacaaaatctgcctcggacatcgtgccgtgtcaaacggaaccaaagtagacacattatctgaaaaaggagtggaagtcttcaatgctactgaaacagtggaacgaacaaacatccccaggatctgctcaaaagggaaaaggacagttgacctcggtcaatgtggactcctggggacaatcactggaccacctcaatgtgaccaattcctaaaattttccgccgatttaattattgacaggcgagaaggaagtgatgtctgttatcctgggaaattcgtgaatgaagaagctctgaggcaaattctcaaagaatcaagcggaattgacaaggaagcaatgggattcacatacaatggaataagaactaatggactaaccagtgcatgtaagagatcacgatcttcattctatgcagaaatgaaatggctcctgtcgaacacagataatgctgccttcccgcagatgactaagtcatataaaaatacaagaaaaagcccagctataatagtatgggggatccatcattccgtttcaactgcagagcaaaccaagctatatgggagtggaaacgaactggtgacagttgggagttctaattatcaacgatctttcgtaccgagtccaggagcgagaccacaagttaatggtctatctggaataattgactttcattggctaatgctgaatcccaatgatacagtcactttcagtttcaatggggctttcatagctccagaccgtgcaagcgtcctgagaggacaatctatgggaatccagagtggagtacaggttgatgcccattgtgaaggggactgctatcatagtggtgggacaataataagtaacttgccatttcagaacatagatagcagggcagttggaaaatgtccgagatatgttaagcaaaggagtctgctgctggcaacagggatgaagaatgttcctgagattccaaagggaagaggcctatttggtgctatagcgggtttcattgaaaatggatgggaaggcataattgatggttggtatggtttcagacaccagaatgcacagggagagggaactgctgcagattacaaaagcactcaatcggcaattgatcaaataacagggaaattaaaccgggttatagcaaaaaccaaccaacaatttgagttgatagacaatgaattcaatgaggtagagaagcaaatcggtaatgtgataaattggaccagagattgtataacagaagtgtggtcatacaatgctgaactcttggtagcaatggagaaccagcatacaattgatctggctgattcagaaatggacaaactgtacgaacgagtgaaaagacagcagagagagaatgctgaagaggatggcactggttgctttgaaatatttcccaagtgtgatgatgagcgtacggccagtattagaaataacacctatgatcacagaaaatacagggaagaggcaatgcataatagaatacagattgacccactcaacagaagcagcgtctacacagatgtgatgatttggtttagtttcggggcatcaggtttcatacttctagccactgtaatgggccttgtattcatatgtgtaaagaatggaaacatgcggtgc
Shanghai,310,S3180,atcgtggtattcgctctgattgcgatcattccaacaaatgcagacaaaatctgcctcggacatcgtgccgtgtcaaacggaaccaaagtagacacattaactgaaaaaggattggaagtcttcaatgctactgaaacagtggaacgaacaaacatcccccggatctgctcaaaagggaaaaggacagttgacctcggtcaatgtggactcctggggacaatcactggaccacctcaatgtgaccaattcctaaaattttccgccgatttaattattgacaggcgagaaggaagtgatgtctgttatcctgggaaattcgtgaatgaaaaagctctgaggcaaattctcagagaatcaagcggaattgacaaggaagcaatgggattcacatacgatggaataagaactaatggactaaccagtgcatgtaatagatcacgatcttcattctatgcacaaatgaaatggctcctgtcaaacacagataatgctgccttcccgcagatgactaagtcatataaaaataccccaaaaagcccagctataatagtatgggggatccatcattccgtttcaactgcagagcaaaccaagctatatgggagtggaaacaaactggtgacagttgggagttctaattatcaacaatctttcgtaccgagtccaggagcgagaccacaagttaatggtctatctggaataattgactttcattggctaatgctaaatcccaatgatacagtcactttcagtttcaatggggctttcatagctccagaccgtgcaagcttcctgagaggaaaatctatgggaatccagagtggagtacaggttgatgccaattgtgaaggggactgctatcatagtggtgggacaataataagtagctcgccatttgagaacatagatagcagggcagttggaaaatgtgcgagatatgttaagcaaaggagtctgctgctggcaacagggatgaagaatgttcaggagattccaaagggaagaggcctgtttggttgtatagcgggtctcattgaaaagggatgggatggcataattgatggttggtatggtttcagacaccagaatgcactgggagagggaactgctgcagattacaaaagcactcaatcggcaattgatcaaataacagggaaattaaaccgggatatagcaaaaaccaaccaacaatttgagctgatagacaatgaattcaatgaggtagagaagcaaatcggtaatgtgataaattggaccagagattgtataacagaagtgtggtcatacaatggtaaactcttggtagcaatggtgaaccagcatacaattgatctggctgattcagaaatggacaaaatgtacgaacgagtgaaaagacagctgagagagaatggtgaagaggatggcactggttgctttgaaatatttcccaagtgtgatgatgagcgtacggccagtattagaaataacacctatgatcacagaaaatacagggaagaggcaatgcaaaatagaatacagattgacccagtcaacataagcagcggctacacagatgtgataatttggttaagtttcggggcaacaggcatcaaacttctagccactgtaatgggccttgtcttcatatgtgttaagaatggtaacatgcagtgcactatttgtatataa
Shanghai,310,S3301,acctcaatcctggtattcgctctgattgcgatcattccaacaaatgcagacaaaatctgcctcggacatcatgccgtgtcaaacggaaccaaagtaaacacattaactgaaagaggagtggaagtcgtcaatgcaactgaaacagtggaacgaacgaacatccccaggatctgctcaaaagggaaaaggacagttgacctcggtcaatgtggactcctggggacaatcactggaccacctcaatgtgaccaattcctagaattttcggccgatttaattattgagaggcgagaagggagtgatgtctgttatcctgggaaattcgtaaatgaagaagctctgaggcaaattctcagagaatcaggcggaattgacaaggaagcaatgggattcacatacaatggaataagaactaatggagcaaccagtgcatgtaggagatcaggatcttcattctatgcagaaatgaaatggctcctgtcaaacacagataatgctgcattcccgcagatgactaagtcatacaaaaatacaagaaaaagcccagctataatagtatgggggatccatcattccgtttcaactgcagagcaaaccaagctatatgggagtggaaacaaactggtgacagttgggagttctgattatcaacaatctttcgtaccgagtccaggggcgagaccacaagttaatggtctatctggaagaattgactttcattggctaatgctaaatcccaatgatacagtcactttcagtttcaatggggctttcatagctccagaccgtgcaagcttcctgagaggaaaatctatgggaatccagagtggagtacaggttgatgccaattgtgaaggggactgctatcatagtggagggacaataataagtaacttgccatttcagaacatagatagcagggcagttggaaaatgtccgagatatgttaagcaaaggagtctgctgctggcaacagggatgaagaatgttcctgagattccaaagggaagaggcctatttggtgctatagcgggtttcattgaaaatggatgggaaggcctaattgatggttggtatggtttcagacaccagaatgcacagggagagggaactgctgcagattacaaaagcactcaatcggcaattgatcaaataacagggaaattaaaccggcttatagcaaaaaccaaccaacaatttgagttgatagacaatgaattcaatgaggtagagaagcaaatcggtaatgtgataaattggaccagagattctataacagaagtgtggtcatacaatgctgaactcttggtagcaatggagaaccagcatacaattgatctggctgattcagaaatggacaaactgtacgaacgagtgaaaagacagctgagagagaatgctgaagaagatggcactggttgctttgaaatatttcacaagtgtgatgatgactgtatggccagtattagaaataacacctatgatcacagaaaatacagggaagaggcaatgcaaaatagaatacagattgacccagtcaaactaagcagcggctacaaagatgtgatactttggtttagcttcggggcatcatgtttcatacttctagccattgtaatgggccttgtcttcatatgtgtaaagaatggaaacatgcggtgcactatttgtatataa
Shanghai,310,S3306,tcaatcgtggtattcgctctgattgcgatcattccaacaaatgcagacaaaatctgcctcggacatcgtgccgtgtcaaacggaaccaaagtaaacacattaactgaaagaggagtggaagtcgtcaatgcaactgaaacagtggaacgaacgaacatccccaggatctgctcaaaagggaaaaggacagttgacctcggtcaatgtggactcctggggacaatcactggaccacctcaatgtgaccaattcctagaattttcggccgatttaattattgagaggcgagaagggagtgatgtctgttatcctgggaaattcgtaaatgaagaagctctgaggcaaattctcaaagaatcaagcggaattgacaaggaagcaatgggattcacatacaatggaataagaactaatggagcaaccagtgcatgtaggagatcaggatcttcattctatgcagaaatgaaatggctcctgtcaaacacagataatgctgcattcccgcagatgactaagtcatacaaaaatacaagaaaaagcccagctataatagtatgggggatccatcattccgtttcaactgcagagcaaaccaagctatatgggagtggaaacaaactggtgacagttgggagttctgattatcaacaatctttcgtaccgagtccaggggcgagaccacaagttaatggtctatctggaataattgactttcattggctaatgctaaatcccaatgatacagtcactttcagtttcaatggagctttcatagctccagaccgtgcaagcttcctgagaggaaaatctatgggaatccagagtggagtacaggttgatgccaattgtgaaggggactgctatcatagtggagggacaataatacgtaacttgccatttcagaacatagatagcagggcagttggaaaatgtccgagatatgttaagcaaaggagtctgctgctggcaacagggatgaagaatgttcctgagattccaaagggaagaggcctatttggtgctatagcgggtttcattgaaaatggatgggaaggcataattgatggttggtatggtttcagacaccagaatgcacagggagagggaactgctgcagattacaaaagcactcaatcggcaattgatcaaataacagggaaattaaaccggcttatagcaaaaaccaaccaacaatttgagttgatagacaatgaattcaatgaggtagagaagcaaatcggtaatgtgataaattggaccagagattctataacagaagtgtggtcatacaatgctgaactcttggtagcaatggagaaccagcatacaattgatatggctgattcagaaatggacaaactgtacgaacgagtgaaaagacagcagagagagaatgctgaagaagatggcactggttgctttgaaatatttcacaagtgtgatgatgactgtatggccagtattagaaataacacctatgatcacagaaaatacagggaagaggcaatgcaaaatagaatacagattgacccagtcaacataagcagcggctacaaagatgtgatactttggtttagtttcggggcatcatgtttcatacttctagccactgtaatgggccttgtcttcatatgtgcaaagaatggaaacatgcggtgcactatttgtatataa
Shanghai,310,S3307,acctcaatcctggtattcgctctgattgcgatcattccaacaaatgcagacaaaatctgcctcggacatcatgccgtgtcaaacggaaccaaagtaaacacattaactgaaagaggagtggaagtcgtcaatgcaactgaaacagtggaacgaacgaacatccccaggatctgctcaaaagggaaaaggacagttgacctcggtcaatgtggactcctggggacaatcactggaccacctcaatgtgaccaattcctagaattttcggccgatttaattattgagaggcgagaagggagtgatgtctgttatcctgggaaattcgtaaatgaagaagctctgaggcaaattctcagagaatcaggcggaattgacaaggaagcaatgggattcacatacaatggaataagaactaatggagcaaccagtgcatgtaggagatcaggatcttcattctatgcagaaatgaaatggctcctgtcaaacacagataatgctgcattcccgcagatgactaagtcatacaaaaatacaagaaaaagcccagctataatagtatgggggatccatcattccgtttcaactgcagagcaaaccaagctatatgggagtggaaacaaactggtgacagttgggagttctgattatcaacaatctttcgtaccgagtccaggagcgagaccacaagttaatggtctatctggaagaattgactttcattggctaatgctaaatcccaatgatacagtcactttcagtttcaatggggctttcatagctccagaccgtgcaagcttcctgagaggaaaatctatgggaatccagagtggagtacaggttgatgccaattgtgaaggggactgctatcatagtggagggacaataataagtaacttgccatttcagaacatagatagcagggcagttgggaaatgtccgagatatgttaagcaaaggagtctgctgctggcaacagggatgaagaatgttcctgagattccaaagggaagaggcctatttggtgctatagcgggtttcattgaaaatggatgggaaggcctaattgatggttggtatggtttcagacaccagaatgcacagggagagggaactgctgcagattacaaaagcactcaatcggcaattgatcaaataacagggaaattaaaccggcttatagcaaaaaccaaccaacaatttgagttgatagacaatgaattcaatcaggtagagaagcaaatcggtaatgtgataaattggaccagagattctataacagaagtgtggtcatacaatgctgaactcttggtagcaatggagaaccagcatacaattgatctggctgattcagaaatggacaaactgtacgaacgagtgaaaagacagctgagagagaatgctgaagaagatggcactggttgctttgaaatatttcacaagtgtgatgatgactgtatggccagtattagaaataacacctatgatcacagaaaatacagggaagaggcaatgcaaaatagaatacagattgacccagtcaaactaagcagcggctacaaagatgtgatactttggtttagcttcggggcatcatgtttcatacttctagccattgtaatgggccttgtcttcatatgtgtaaagaatggaaacatgcggtgcactatttgtatataa
Shanghai,310,S3308,atcctggtattcgctctgattgcgatcattccaacaaatgcagacaaaatctgcctcggacatcatgccgtgtcaaacggaaccaaagtaaacacattaactgaaagaggagtggaagtcgtcaatgcaactgaaacagtggaacgaacgaacatccccaggatctgctcaaaagggaaaaggacagttgacctcggtcaatgtggactcctggggacaatcactggaccacctcaatgtgaccaattcctagaattttcggccgatttaattattgagaggcgagaagggagtgatgtctgttatcctgggaaattcgtaaatgaagaagctctgaggcaaattctcagagaatcaggcggaattgacaaggaagcaatgggattcacatacaatggaataagaactaatggagcaaccagtgcatgtaggagatcaggatcttcattctatgcagaaatgaaatggctcctgtcaaacacagataatgctgcattcccgcagatgactaagtcatacaaaaatacaagaaaaagcccagctataatagtatgggggatccatcattccgtttcaactgcagagcaaaccaagctatatgggagtggaaacaaactggtgacagttgggagttctgattatcaacaatctttcgtaccgagtccaggggcgagaccacaagttaatggtctatctggaagaattgactttcattggctaatgctaaatcccaatgatacagtcactttcagtttcaatggggctttcatagctccagaccgtgcaagcttcctgagaggaaaatctatgggaatccagagtggagtacaggttgatgccaattgtgaaggggactgctatcatagtggagggacaataataagtaacttgccatttcagaacatagatagcagggcagttggaaaatgtccgagatatgttaagcaaaggagtctgctgctggcaacagggatgaagaatgttcctgagattccaaagggaagaggcctatttggtgctatagcgggtttcattgaaaatggatgggaaggcctaattgatggttggtatggtttcagacaccagaatgcacagggagagggaactgctgcagattacaaaagcactcaatcggcaattgatcaaataacagggaaattaaaccgggttatagcaaaaaccaaccaacaatttgagttgatagacaatgaattcaatgaggtagagaagcaaatcggtaatgtgataaattggaccagagattctataacagaagtgtggtcatacaatgctgaactcttggtagcaatggagaaccagcatacaattgatctggctgattcagaaatggacaaactgtacgaacgagtgaaaagacagctgagagagaatgctgaagaagatggcactggttgctttgaaatatttcacaagtgtgatgatgactgtatggccagtattagaaataacacctatgatcacagaaaatacagggaagaggcaatgcaaaatagaatacagattgacccactcaacataagcagcggctacaaagatgtgatactttggtttagtttcggggcatcatgtttcatacttctagccactgtaatgggccttgtcttcatatgtgtaaagaatggaaacatgcggtgcactatttgtatataa
Shanghai,310,S3309,atcctggtattcgctctgattgcgatcattccaacaaatgcagacaaaatctgcctcggacatcatgccgtgtcaaacggaaccaaagtaaacacattaactgaaagaggagtggaagtcgtcaatgcaactgaaacagtggaacgaacgaacatccccaggatctgctcaaaagggaaaaggacagttgacctcggtcaatgtggactcctggggacaatcactggaccacctcaatgtgaccaattcctagaattttcggccgatttaattattgagaggcgagaagggagtgatgtctgttatcctgggaaattcgtaaatgaagaagctctgaggcaaattctcagagaatcaggcggaattgacaaggaagcaatgggattcacatacaatggaataagaactaatggagcaaccagtgcatgtaggagatcaggatcttcattctatgcagaaatgaaatggctcctgtcaaacacagataatgctgcattcccgcagatgactaagtcatacaaaaatacaagaaaaagcccagctataatagtatgggggatccatcattccgtttcaactgcagagcaaaccaagctatatgggagtggaaacaaactggtgacagttgggagttctgattatcaacaatctttcgtaccgagtccaggagcgagaccacaagttaatggtctatctggaagaattgactttcattggctaatgctaaatcccaatgatacagtcactttcagtttcaatggggctttcatagctccagaccgtgcaagcttcctgagaggaaaatctatgggaatccagagtggagtacaggttgatgccaattgtgaaggggactgctatcatagtggagggacaataataagtaacttgccatttcagaacatagatagcagggcagttggaaaatgtccgagatatgttaagcaaaggagtctgctgctggcaacagggatgaagaatgttcctgagattccaaagggaagaggcctatttggtgctatagcgggtttcattgaaaatggatgggaaggcctaattgatggttggtatggtttcagacaccagaatgcacagggagagggaactgctgcagattacaaaagcactcaatcggcaattgatcaaataacagggaaattaaaccggcttatagcaaaaaccaaccaacaatttgagttgatagacaatgaattcaatgaggtagagaagcaaatcggtaatgtgataaattggaccagagattctataacagaagtgtggtcatacaatgctgaactcttggtagcaatggagaaccagcatacaattgatctggctgattcagaaatggacaaactgtacgaacgagtgaaaagacagctgagagagaatgctgaagaagatggcactggttgctttgaaatatttcacaagtgtgatgatgactgtatggccagtattagaaataacacctatgatcacagaaaatacagggaagaggcaatgcaaaatagaatacagattgacccagtcaaactaagcagcggctacaaagatgtgatactttggtttagcttcggggcatcatgtttcatacttctagccattgtaatgggccttgtcttcatatgtgtaaagaatggaaacatgcggtgcactatttgtatataa
Shanghai,310,S3313,gtattcgctctgattgcgatcattccaacaaatgcagacaaaatctgcctcggacatcgtgccgtgtcaaacggaaccaaagtaaacacattagctgaaagaggagtggaagtcgtcaatgcaactgaaacagtggaacgaacaaacatccccaggatctgctcaaaagggaaaaggacagttgacctcggtcaatgtggactcctggggacaatcactggaccacctcaatgtgaccaattcctagaattttcggccgatttaattattgagaggcgagaagggagtgatgtctgttatcctgggaaattcgtaaatgaacaagctctgatgcaaattctcaaagaatcaagcggaattgacaaggaagcaatgggattcacatacaatggaataagaactaatggagcaaccagtgcatgtaggagatcaggatcttcattctatgcagaaatgaaatggctcctgtcaaacacagataatgctgcattcccgcagatgactaagtcatacaaaaatacaagaaaaagcccagctataatagtatgggggatccatcattccgtttcaactgcagagcaaaccaagctatatgggagtggaaacaaactggtgacagttgggagttctgattatcaacaatctttcgtaccgagtccaggagcgagaccacaagttaatggtctatctggaataattgactttcattggctaatgctaaatcccaatgatacagtcactttcagtttcaatggggctttcataactccagaccgtgcaagcttcctgagaggaaaatctatgggaatccagagtggagtacaggttgatgccaattgtgaaggggactgctatcatagtggagggacaataataagtaacttgccatttcagaacatagatagcagggcagttggaaaatgtccgagatatgttaagcaaaggagtctgctgctggcaacagggatgaagaatgttcctgagattccaaagggaagaggcctatttggtgctatagcgggtttcattgaaaatggatgggaaggcctaattgatggttggtatggtttcagacaccagaatgcacagggagagggaactgctgcagattacaaaagcactcaatcggcaattgatcaaataacagggaaattaaaccggcttatagcaaaaaccaaccaacaatttgagttgatagacaatgaattcaatgaggtagagaagcaaatcggtaatgtgataaattggaccagagattctataacagaagtgtggtcatacaatgctgaactcttggtagcaatggagaaccagcatacaattgatctggctgattcagaaatggacaaactgtacgaacgagtgaaaagacagctgagagagaatgctgaagaagatggcactggttgctttgaaatatttcacaagtgtgatgatgactgtacggccagtattagaaataacacttatgatcacagaaaatacagggaagaggcaatgcaaaatagaatacagattaagccagtcaacataagcagcggcaacaaagatgtgatgatttggtttagtttcggggcatcaggtttcatacttctagccactgtaatgggccttgtattcataggtgcaaagaatggtagcatgcaatgc
Shanghai,310,S3322,tcaatcctggtattcgctctgattgcgatcattccaacaaatgcagacaaaatctgcctcggacatcatgccgtgtcaaacggaaccaaagtaaacacattaactgaaagaggagtggaagtcgtcaatgcaactgaaacagtggaacgaacgaacatccccaggatctgctcaaaagggaaaaggacagttgacctcggtcaatgtggactcctggggacaatcactggaccacctcaatgtgaccaattcctagaattttcggccgatttaattattgagaggcgagaagggagtgatgtctgttatcctgggaaattcgtaaatgaagaagctctgaggcaaattctcagagaatcaggcggaattgacaaggaagcaatgggattcacatacaatggaataagaactaatggagcaaccagtgcatgtaggagatcaggatcttcattctatgcagaaatgaaatggctcctgtcaaacacagataatgctgcattcccgcagatgactaagtcatacaaaaatacaagaaaaagcccagctataatagtatgggggatccatcattccgtttcaactgcagagcaaaccaagctatatgggagtggaaacaaactggtgacagttgggagttctgattatcaacaatctttcgtaccgagtccaggagcgagaccacaagttaatggtctatctggaagaattgactttcattggctaatgctaaatcccaatgatacagtcactttcagtttcaatggggctttcatagctccagaccgtgcaagcttcctgagaggaaaatctatgggaatccagagtggagtacaggttgatgccaattgtgaaggggactgctatcatagtggagggacaataataagtaacttgccatttcagaacatagatagcagggcagttggaaaatgtccgagatatgttaagcaaaggagtctgctgctggcaacagggatgaagaatgttcctgagattccaaagggaagaggcctatttggtgctatagcgggtttcattgaaaatggatgggaaggcctaattgatggttggtatggtttcagacaccagaatgcacagggagagggaactgctgcagattacaaaagcactcaatcggcaattgatcaaataacagggaaattaaaccggcttatagcaaaaaccaaccaacaatttgagttgatagacaatgaattcaatcaggtagagaagcaaatcggtaatgtgataaattggaccagagattctataacagaagtgtggtcatacaatgctgaactcttggtagcaatggagaaccagcatacaattgatctggctgattcagaaatggacaaactgtacgaacgagtgaaaagacagctgagagagaatgctgaagaagatggcactggttgctttgaaatatttcacaagtgtgatgatgactgtatggccagtattagaaataacacctatgatcacagaaaatacagggaagaggcaatgcaaaatagaatacagattgacccagtcaaaataagcagcggctacaaagatgtgatactttggtttagtttcggggcatcatgtttcatacttctagccactgtaatgggccttgtcttcatatgtgtaaagaatggaaacatgcggtgcactatt
Shanghai,310,S3325,ggtctatctggaagaattgactttcattggctaatgctaaatcccaatgatacagtcactttcagtttcaatggggctttcatagctccagaccgtgcaagcttcctgagaggaaaatctatgggaatccagagtggagtacaggttgatgccaattgtgaaggggactgctatcatagtggagggacaataataagtaacttgccatttcagaacatagatagcagggcagttggaaaatgtccgagatatgttaagcaaaggagtctgctgctggcaacagggatgaagaatgttcctgagattccaaagggaagaggcctatttggtgctatagcgggtttcattgaaaatggatgggaaggcctaattgatggttggtatggtttcagacaccagaatgcacagggagagggaactgctgcagattacaaaagcactcaatcggcaattgatcaaataacagggaaattaaaccggcttatagcaaaaaccaaccaacaatttgagttgatagacaatgaattcaatgaggtagagaagcaaatcggtaatgtgataaattggaccagagattctataacagaagtgtggtcatacaatgctgaactcttggtagcaatggagaaccagcatacaattgatctggctgattcagaaatggacaaactgtacgaacgagtgaaaagacagctgagagagaatgctgaagaagatggcactggttgctttgaaatatttcacaagtgtgatgatgactgtatggccagtattagaaataacacctatgatcacagaaaatacagggaagaggcaatgcaaaatagaatacagattgacccagtcaaactaagcagcggctacaaagatgtgatactttggtttagcttcggggcatcatgtttcatacttctagccattgtaatgggccttgtcttcatatgtgtaaagaatgcaaacatgcggtgcactatttgtatataa
Shanghai,310,S3326,acctcaatcgtggaattcgctctgattgcgatcattccaacaaatgcagacaaaatctgcctcggacatcgtgccgtgtctaacggaaccaaagtagacacattatctgaaaaaggattggaagtcttcaatgctactgaaacagtggaacgaacgaacatcccccggatctgctcaaaggggaaaaggacagttgacctcggtcaatgtggactcctggggacaatcactggaccacctcaatgtgaccaattcctaaaattttccgccgatttaattattgacaggcgagaagggagtgatgtctgttatcctgggaaattcgtaaatgaagaagctctgaggcaaattctcagagaatcaagcggaattgacaaggaagcaatgggattcacatacgatggaataagaactaatggaccaaccagtgcatgtaggagatcaggatcttcattctatgcacaaatgaaatggctcctgtcgaacacagataatgctgccttcccgcagatgactaagtcatacaaaaataccccaaaaagcccagctataatagtatgggggatccatcattccgtttcaactgcagagcaaaccaagctatatgggagtggaaacgaactggtgacagttgggagttctgattatcaacgatctttcgtaccgagtccaggggcgagaccacaagttaatggtctatctggaagaattgactttcattggctaatgctaaatcccaatgatacagtcactttcagtttcaatggggctttcatagctccagaccgtgcaagcttcctgagaggacaatctatgggaatccagagtggagtacaggttgatgccaattgtgaaggggtctgctatcatagtggagggacaataataagtaacttgccatttcagaacatagatagcagcgcagttggaaaatgtccgagatatgttaatcaaaggagtctgctaagggcaacagggatgaagaatgttcctgagattccaaagggaagaggcctatttggtgctatagcgggtttcattgaaaatggatgggaaggcataattgatggttggtatggtttcagacaccagaatgcacagggagagggaactgccgcagattacaaaagcactcaatcggcaattgatcaaataacagggaaattaaaccggcttatagcaaaaaccaaccaacaatttgagttgatagacaatgaattcaatgaggtagagaagcaaatcggtaatgtgataaattggaccagagattgtataacagaagtgtggtcatacaatgctgaactattggtagcaatggtgaaccagcatacaattgatctggctgattcagaaatggacaaactgtacgaacgagtgaaaagacagctgagagagacaggtgaagaagatggcactggttgctttgaaatatttcacaagtgtgatgatgactgtacggccagtattagaaataacacctatgatcacagaaaatacagggaagaggcaatgcaaaatagaatacagattgacccactcaacataagcagcggctacacagatgtggggatttggtttagtttcggggcatcaggtttcaaacttctagccactgtaatgggccttgtcttcagaagtgttaagaatggtaacatgcaatgcact
Shanghai,310,S3328,atcctggtattcgctctgattgcgatcattccaacaaatgcagacaaaatctgcctcggacatcatgccgtgtcaaacggaaccaaagtaaacacattaactgaaagaggagtggaagtcgtcaatgcaactgaaacagtggaacgaacgaacatccccaggatctgctcaaaagggaaaaggacagttgacctcggtcaatgtggactcctggggacaatcactggaccacctcaatgtgaccaattcctagaattttcggccgatttaattattgagaggcgagaagggagtgatgtctgttatcctgggaaattcgtaaatgaagaagctctgaggcaaattctcagagaatcaggcggaattgacaaggaagcaatgggattcacatacaatggaataagaactaatggagcaaccagtgcatgtaggagatcaggatcttcattctatgcagaaatgaaatggctcctgtcaaacacagataatgctgcattcccgcagatgactaagtcatacaaaaatacaagaaaaagcccagctataatagtatgggggatccatcattccgtttcaactgcagagcaaaccaagctatatgggagtggaaacaaactggtgacagttgggagttctgattatcaacaatctttcgtaccgagtccaggagcgagaccacaagttaatggtctatctggaagaattgactttcattggctaatgctaaatcccaatgatacagtcactttcagtttcaatggggctttcatagctccagaccgtgcaagcttcctgagaggaaaatctatgggaatccagagtgcagtacaggttgatgcccattgtgaaggggactgctatcatagtggagggacaataataagtaacttgccatttcagatcatagatagcagggcagttggagaatgtccgagatatgttgatcataggagtctgctgctgtcaccagggatgaagaatgttcttgagattccaaagggaagaggcctatttggtgctatagaggttttcattgaaaagggatgggaagtcatagtggagggttgttatggtttcggacaccagaatgcccagggagagggaactgccccagattccaaaaccattcattcggcaatggatcaaataccagggaaattaaaccgggttataccaaaaaccacccaacaatttgagttgatagccaatgaattcaatgaggtagagaagcaaatcggtaatgtgataaattggcccagggtttgtttaacagaagggtggtcatccaatgctgaactattggtagcaatggtgaaccagcatccaattgttctggctgattcagaaatgaacaagatgtacgaacgagtgaaaagccagttgggagagaaaggtgaagaagatggcacgggtggttttgaaatatttcacaagtgggatgatgagtgtacggccagttttggaaataacccttatgttcccagaaaatccagggaagagccaatgcaaaatagaatccagataaacccactcaacataagcagcgtctacaaagatggggtgatttggttaagtttcggggcatcaggtttcaaacttctagccatggtaatgggccttgtcttcatatgtgtaaagaatggtagcatacgatgcactatttgtatataa
Shanghai,310,S3330,cctgcaatcctggtattcgctctgattgcgatcattccaacaaatgcagacaaaatctgcctcggacatcatgccgtgtcaaacggaaccaaagtaaacacattaactgaaagaggagtggaagtcgtcaatgcaactgaaacagtggaacgaacgaacatccccaggatctgctcaaaagggaaaaggacagttgacctcggtcaatgtggactcctggggacaatcactggaccacctcaatgtgaccaattcctagaattttcggccgatttaattattgagaggcgagaagggagtgatgtctgttatcctgggaaattcgtaaatgaagaagctctgaggcaaattctcagagaatcaggcggaattgacaaggaagcaatgggattcacatacaatggaataagaactaatggaccaaccagtgcatgtaggagatcaggatcttcattctatgcagaaatgaaatggctcctgtcaaacacagataatgctgcattcccgcagatgactaagtcatacaaaaatacaagaaaaagcccagctataatagtatgggggatccatcattccgtttcaactgcagagcaaaccaagctatatgggagtggaaacaaactggtgacagttgggagttctgattatcaacaatctttcgtaccgagtccaggagcgagaccacaagttaatggtcaatctggaagaattgactttcattggctaatgctaaatcccaatgatacagtcactttcagtttcaatggggctttcatagctccagaccgtgcaagcttcctgagaggaaaatctatgggaatccagagtgcactacaggttgatgccaattgtgaaggggactgctatcatagtggagggacaataataagtaacttgccatttcagaacatagatagcagggcagttggaaaatgtccgagatatgttaagcaaaggagtctgctgctggcaacagggatgaagaatgttcctgagattccaaagggaagaggcctatttggtgctatagcgggtttcattgaaaatggatgggaaggcctaattgatggttggtatggtttcagacaccagaatgcacagggagagggaactgctgcagattacaaaagcactcaatcggcaattgatcaaataacagggaaattaaaccggcttatagcaaaaaccaaccaacaatttgagttgatagacaatgaattcaatgaggtagagaagcaaatcggtaatgtgataaattggaccagagattctataacagaagtgtggtcatacaatgctgaactcttggtagcaatggagaaccagcatacaattgatctggctgattcagaaatggacaaactgtacgaacgagtgaaaagacagctgagagagaatgctgaagaagatggcactggttgctttgaaatatttcacaagtgtgatgatgactgtatggccagtattagaaataacacctatgatcacagaaaatacagggaagaggcaatgcaaaatagaatacagattgacccagtcaaactaagcagcggctacaaagatgtgatactttggtttagcttcggggcatcatgtttcatacttctagccattgtaatgggccttgtcttcatatgtgtaaagaatggaaacatgcggtgcactatttgtatataa
Shanghai,310,S3630,acctcaatcctggtattcgctctgattgcgatcattccaacaaatgcagacaaaatctgcctcggacatcatgccgtgtcaaacggaaccaaagtaaacacattaactgaaagaggagtggaagtcgtcaatgcaactgaaacagtggaacgaacaaacatccccaggatctgctcaaaagggaaaaggacagttgacctcggtcaatgtggactcctggggacaatcactggaccacctcaatgtgaccaattcctagaattttcggccgatttaattattgagaggcgagaaggaagtgatgtctgttatcctgggaaattcgtgaatgaagaagctctgaggcaaattctcagagaatcaggcggaattgacaaggaagcaatgggattcacatacaatggaataagaactaatggagtaaccagtgcatgtaagagatcaggatcttcattctatgcagaaatgaaatggctcctgtcaaacacagataatgctgcattcccgcagatgactaagtcatataaaaatacaagaaaaagcccagctataatagtatgggggatccatcattccgtttcaactgcagagcaaaccaagctatatgggagtggaaacaaactggtgacagttgggagttctaattatcaacaatctttcgtaccgagtccaggagcgagaccacaagttaatggtctatctggaagaattgactttcattggctaatgctaaatcccaatgatacagtcactttcagtttcaatggggctttcatagctccagaccgtgcaagcttcctgagaggaaaatctatgggaatccagagtggagtacaggttgatgccaattgtgaaggggactgctatcatagtggtgggacaataataagtaacttgccatttcagaacatagatagcagggcagttggaaaatgtccgagatatgttaagcaaaggagtctgctgctggcaacagggatgaagaatgttcctgagattccaaagggaagaggcctatttggtgctatagcgggtttcattgaaaatggatgggaaggcctaattgatggttggtatggtttcagacaccagaatgcacagggagagggaactgctgcagattacaaaagcactcaatcggcaattgatcaaataacagggaaattaaaccggcttatagcaaaaaccaaccaacaatttgagttgatagacaatgaattcaatgaggtagagaagcaaatcggtaatgtgataaattggaccagagattctataacagaagtgtggtcatacaatgctgaactcttggtagcaatggagaaccagcatacaattgatctggctgattcagaaatggacaaactgtacgaacgagtgaaaagacagctgagagagaatgctgaagaggatggcactggttgctttgaaatatttcacaagtgtgatgatgactgtatggccagtattagaaataacacctatgatcacagaaaatacagggaagaggcaatgcaaaatagaatacagattgacccagtcaaactaagcagcggctacaaagatgtgatactttggtttagcttcggggcatcatgtttcatacttctagccattgtaatgggccttgtcttcatatgtgtaaagaatggaaacatgcggtgcactatttgtatataa
Shanghai,310,S3880,tcaatcctggtattcgctctgattgcgatcattccaacaaatgcagacaaaatctgcctcggacatcatgccgtgtcaaacggaaccaaagtaaacacattaactgaaagaggagtggaagtcgtcaatgcaactgaaacagtggaacgaacaaacatccccaggatctgctcaaaagggaaaaggacagttgacctcggtcaatgtggactcctggggacaatcactggaccacctcaatgtgaccaattcctaaaattttcggccgatttaattattgagaggcgagaaggaagtgatgtctgttatcctgggaaattcgtgaatgaagaagctctgaggcaaattctcagagaatcaggcggaattgacaaggaagcaatgggattcacatacaatggaataagaactaatggagtaaccagtgcatgtaagagatcaggatcttcattctatgcagaaatgaaatggctcctgtcaaacacagataatgctgcattcccgcagatgactaagtcatataaaaatacaagaaaaagcccagctataatagtatgggggatccatcattccgtttcaactgcagagcaaaccaagctatatgggagtggaaacaaactggtgacagttgggagttctaattatcaacaatctttcgtaccgagtccaggagcgagaccacaagttaatggtctatctggaagaattgactttcattggctaatgctaaatcccaatgatacagtcactttcagtttcaatggggctttcatagctccagaccgtgcaagcttcctgagaggaaaatctatgggaatccagagtggagtacaggttgatgccaattgtgaaggggattgttatcatagtggtgcgacaataataagtaacttgccatatcagaacatagatagcagggcagttggaaaatgtccgagatatgttaagcaaaggagtctgctgctggcaacagggatgaagaatgttcctgagattccaaagggaagaggcctatttggtgctatagcgggtttcattgaaaatggatgggaaggcgtaattgatggttggtatggtttcagacaccagaatgcacagggagagggaactgctgcagattacaaaagcactcaatcggcaattgatcaaataacagggaaattaaaccggcttatagcaaaaaccaaccaacaatttgagttgatagacaatgaattcaatgaggtagagaagcaaatcggtaatgtgataaattggtccagagattctataacagaagtgtggtcatacaatgctgaactcttggtagcaatggagaaccagcatacaattgatctgggtgattcagaaatggacaaactgtacgaacgagtgaaaagacagctgagagagaatgctgaagaggatggcactggttgctttgaaatatttcacaagtgtgatgatgactgtatggccagtattagaaataacacctatgatcacagaaaatacagggaagaggcaatgcaaaatagaatacagattgacccagtcaaactaagcagcggttacaaagatgtgatagtgtggtttagctttggggcatcatgtttcatacttctagccatcgtaatgggccttgtcttcatatgtgtaaagaatggatacatgcggtgc
Shanghai,315,S4100,atggcgtctcaaggcaccaaacgatcctatgaacagatggaaactggtggggaacgccagaatgctactgagatcagggcatctgttggaagaatggttagtggcattgggagattctacatacagatgtgtacagaactcaaactcagtgacaatgaagggaggctgattcagaacagtataacaatagagagaatggtactctctgcatttgatgaaagaaggaacagatacctggaagagcaccccagtgcaggaaaggaccctaagaaaactggaggtccaatttacaggagaagagacggaaaatgggtgagagagctgatcctgtatgacaaagaggaaatcaggagaatttggcgacaagcgaacaatggagaggatgcaactgctggtcttacccatctgatgatatggcattccaacctaaatgatgctacctaccagagaacgagagctctcgtgcgtactggaatggatccccggatgtgctctctgatgcaaggatcaactctcccgaggagatctggagctgcaggtgcagcagtaaagggaatagggacaatggtgatggaactgattcggatgataaaactagggatcgacgaccggaatttctggagaggcgaaaatggaagaaggacaagaattgcatatgagagaatgtgcaacatcctcaaagggaaattccaaacagcagcacaaagggcaatgatggatcaagtgcgagagagcagaaatcctgggaatgctgaaatagaagatctcatttttctggcaaggtctgcactcatcctgagaggatcagtggctcataaatcctgcttgcctgcttgtgtgtacggacttgcagtggctagtggatatgactttgagagagaagggtactccttggttggaatagatcctttccgtctgcttcaaaacagccaggtctttagtctcattagaccaaatgagaatccagcgcataagagccaactagtgtggatggcatgccactttgcagcgtctgaggatcttagggtctcaagtttcattagagggacaagaatggtcccaagaggtcagctatcctctagaggggttcaaattgcttcaaatgagaacatggcagcaatgcactccaataatcttgaattgagaagtagatattgggctataagagccagaagcggagggaacaccaaccaacaaagggcatctgcaggacaggtcagcgtccaacccactttctcagtacagagaaaccttcctttcgaaagagcaaccattatggcagcatttaccggaaatactgagggtagaacgtctgacatgaggactgaaatcataagaatgatggaaagtgccagaccagaagatgtgtcattccaggggcggggagtcttcgagctctcggacgaaaaggcaacgaacccgatcgtgccttcctttgacatgaataatgaaggatcttatttcttcggagacaatgcagaggagtatgacaattga
