Guangdong,273
Guangdong,8
Guangdong,360
Guangdong,360
Guangdong,360
Guangdong,360
Guangdong,360
Guangdong,360
Guangdong,71
Jiangxi,35
Guangdong,364
Guangdong,361
Guangdong,333
Guangdong,360
Guangdong,311
Guangdong,360
Guangdong,348
Guangdong,348
Guangdong,348
Guangdong,348
Guangdong,348
Guangdong,348
Guangdong,348
Guangdong,349
Guangdong,349
Guangdong,341
Guangdong,306
Guangdong,349
Guangdong,349
Guangdong,349
Guangdong,349
Guangdong,349
Guangdong,349
Guangdong,349
Guangdong,357
Guangdong,349
Guangdong,349
Shanghai,143
Shanghai,66
Shanghai,143
Shanghai,143
Zhejiang,281
Guangdong,50
Guangdong,15
Shanghai,185
Jiangsu,64
Jiangsu,344
Zhejiang,59
Zhejiang,82
Zhejiang,83
Zhejiang,49
Zhejiang,64
Zhejiang,76
Zhejiang,82
Zhejiang,86
Zhejiang,84
Zhejiang,62
Zhejiang,58
Zhejiang,42
Zhejiang,56
Zhejiang,77
Zhejiang,70
Zhejiang,76
Zhejiang,63
Zhejiang,78
Zhejiang,84
Zhejiang,71
Zhejiang,50
Zhejiang,69
Zhejiang,76
Zhejiang,62
Zhejiang,49
Zhejiang,71
Zhejiang,57
Zhejiang,50
Zhejiang,70
Zhejiang,60
Zhejiang,63
Guangdong,70
Guangdong,69
Guangdong,64
Guangdong,45
Guangdong,39
Guangdong,52
Guangdong,22
Guangdong,3
Guangdong,70
Guangdong,364
Guangdong,39
Guangdong,37
Guangdong,364
Guangdong,22
Guangdong,343
Guangdong,343
Guangdong,338
Guangdong,316
Guangdong,11
Guangdong,365
Guangdong,22
Guangdong,357
Guangdong,12
Guangdong,18
Guangdong,365
Guangdong,37
Guangdong,19
Guangdong,15
Guangdong,31
Guangdong,3
Jiangsu,353
Guangdong,347
Jiangsu,350
Jiangsu,353
Jiangsu,353
Jiangsu,329
Jiangsu,336
Jiangsu,340
Jiangsu,344
Jiangsu,346
Jiangsu,347
Jiangsu,354
Jiangsu,350
Jiangsu,319
Jiangsu,343
Jiangsu,299
Guangdong,343
Guangdong,362
Jiangsu,325
Zhejiang,0
Zhejiang,280
Zhejiang,345
Zhejiang,346
Zhejiang,352
Zhejiang,355
Zhejiang,359
Zhejiang,358
Zhejiang,357
Zhejiang,355
Zhejiang,355
Zhejiang,6
Zhejiang,3
Zhejiang,339
Zhejiang,365
Zhejiang,361
Zhejiang,4
Zhejiang,362
Zhejiang,364
Zhejiang,1
Zhejiang,4
Shanghai,187
Shanghai,187
Shanghai,187
Shanghai,187
Shanghai,187
Shanghai,187
Jiangsu,362
Jiangsu,320
Guangdong,330
Jiangsu,360
Guangdong,5
Guangdong,11
Zhejiang,328
Zhejiang,40
Zhejiang,39
Zhejiang,33
Zhejiang,28
Zhejiang,23
Zhejiang,22
Zhejiang,22
Zhejiang,22
Zhejiang,19
Zhejiang,17
Zhejiang,17
Zhejiang,286
Zhejiang,286
Zhejiang,113
Zhejiang,102
Zhejiang,109
Zhejiang,101
Zhejiang,102
Zhejiang,100
Jiangsu,114
Jiangsu,108
Jiangsu,98
Zhejiang,92
Zhejiang,82
Zhejiang,83
Shanghai,67
Shanghai,57
Guangdong,341
Jiangsu,76
Guangdong,334
Jiangxi,47
Zhejiang,349
Zhejiang,349
Zhejiang,9
Guangdong,7
Jiangxi,46
Jiangsu,336
Jiangsu,336
Jiangsu,336
Guangdong,344
Shanghai,45
Shanghai,45
Shanghai,135
Shanghai,135
Shanghai,135
Shanghai,135
Shanghai,135
Guangdong,40
Guangdong,35
Guangdong,31
Guangdong,0
Guangdong,14
Guangdong,0
Guangdong,345
Guangdong,333
Guangdong,328
Zhejiang,97
Jiangsu,90
Jiangsu,90
Zhejiang,94
Guangdong,119
Guangdong,119
Jiangxi,46
Guangdong,6
Guangdong,335
Shanghai,128
Jiangsu,33
Jiangsu,363
Jiangsu,363
Jiangsu,363
Jiangsu,363
Jiangsu,348
Jiangsu,348
Jiangsu,355
Jiangsu,355
Jiangsu,355
Jiangsu,346
Jiangsu,351
Jiangsu,347
Guangdong,150
Guangdong,54
Guangdong,7
Guangdong,3
Guangdong,3
Guangdong,2
Guangdong,2
Jiangsu,151
Jiangsu,234
Jiangxi,34
Jiangxi,32
Jiangxi,31
Jiangxi,26
Jiangxi,23
Jiangxi,23
Jiangxi,22
Jiangxi,21
Jiangxi,19
Jiangxi,18
Jiangxi,13
Jiangxi,9
Jiangxi,6
Jiangxi,9
Jiangxi,9
Jiangxi,6
Jiangxi,4
Jiangxi,5
Jiangxi,2
Jiangsu,363
Jiangsu,358
Jiangsu,349
Jiangsu,350
Jiangsu,31
Jiangsu,40
Jiangsu,17
Jiangsu,95
Jiangsu,30
Jiangsu,80
Jiangsu,56
Guangdong,18
Guangdong,12
Guangdong,59
Guangdong,55
Guangdong,39
Guangdong,37
Guangdong,364
Guangdong,37
Guangdong,22
Guangdong,21
Guangdong,11
Guangdong,15
Guangdong,5
Guangdong,362
Guangdong,364
Guangdong,364
Guangdong,11
Guangdong,355
Guangdong,34
Jiangsu,347
Guangdong,68
Guangdong,63
Guangdong,56
Guangdong,56
Guangdong,56
Guangdong,40
Guangdong,40
Guangdong,40
Guangdong,38
Guangdong,37
Guangdong,34
Guangdong,33
Guangdong,33
Guangdong,29
Guangdong,26
Guangdong,26
Guangdong,26
Guangdong,25
Guangdong,24
Guangdong,21
Guangdong,21
Guangdong,20
Guangdong,18
Guangdong,15
Guangdong,14
Guangdong,10
Guangdong,10
Guangdong,5
Guangdong,5
Guangdong,2
Guangdong,328
Guangdong,322
Guangdong,147
Guangdong,127
Guangdong,125
Guangdong,95
Guangdong,94
Guangdong,87
Guangdong,68
Guangdong,67
Guangdong,64
Guangdong,59
Guangdong,52
Guangdong,52
Guangdong,49
Guangdong,49
Guangdong,49
Guangdong,48
Guangdong,48
Guangdong,43
Guangdong,43
Guangdong,41
Guangdong,41
Guangdong,40
Guangdong,37
Guangdong,36
Guangdong,32
Guangdong,30
Guangdong,30
Guangdong,29
Guangdong,29
Guangdong,29
Guangdong,28
Guangdong,28
Guangdong,26
Guangdong,18
Guangdong,15
Guangdong,14
Guangdong,11
Guangdong,11
Guangdong,11
Guangdong,11
Guangdong,10
Guangdong,10
Guangdong,9
Guangdong,9
Guangdong,6
Guangdong,6
Guangdong,2
Guangdong,2
Guangdong,2
Shanghai,108
Shanghai,99
Shanghai,106
Shanghai,99
Shanghai,94
Shanghai,95
Shanghai,102
Shanghai,114
Shanghai,112
Shanghai,109
Shanghai,63
Shanghai,63
Shanghai,57
Shanghai,56
Shanghai,63
Zhejiang,108
Jiangsu,115
Jiangsu,98
Jiangsu,100
Jiangsu,92
Jiangsu,99
Jiangsu,97
Jiangxi,113
Shanghai,99
Shanghai,98
Zhejiang,92
Shanghai,97
Shanghai,96
Shanghai,92
Shanghai,99
Shanghai,99
Shanghai,99
Shanghai,99
Shanghai,98
Shanghai,99
Jiangsu,94
Jiangsu,95
Jiangsu,89
Shanghai,76
Shanghai,91
Jiangsu,88
Jiangsu,151
Jiangsu,111
Jiangsu,138
Jiangsu,352
Jiangsu,121
Guangdong,148
Shanghai,91
Guangdong,273
Guangdong,181
Guangdong,58
Guangdong,102
Guangdong,45
Guangdong,7
Guangdong,7
Guangdong,52
Guangdong,311
Jiangsu,300
Zhejiang,55
Shanghai,92
Jiangsu,122
Guangdong,45
Guangdong,45
Guangdong,355
Guangdong,349
Guangdong,349
Guangdong,349
Guangdong,349
Guangdong,102
Jiangsu,0
Jiangsu,8
Jiangsu,347
Jiangsu,5
Jiangsu,36
Jiangsu,11
Jiangsu,19
Jiangsu,362
Jiangsu,360
Jiangsu,361
Jiangsu,360
Jiangsu,353
Jiangsu,354
Jiangsu,350
Jiangsu,11
Jiangsu,6
Jiangsu,54
Jiangsu,64
Jiangsu,25
Jiangsu,10
Jiangsu,364
Jiangsu,4
Jiangsu,357
Jiangsu,362
Jiangsu,353
Jiangsu,13
Jiangsu,358
Jiangsu,8
Jiangsu,5
Jiangsu,5
Jiangsu,3
Jiangsu,3
Jiangsu,2
Jiangsu,1
Jiangsu,365
Jiangsu,365
Jiangsu,364
Jiangsu,363
Zhejiang,4
Zhejiang,23
Zhejiang,34
Zhejiang,34
Zhejiang,36
Zhejiang,36
Zhejiang,36
Zhejiang,15
Zhejiang,7
Zhejiang,12
Zhejiang,12
Zhejiang,17
Zhejiang,7
Zhejiang,4
Zhejiang,12
Zhejiang,7
Zhejiang,3
Zhejiang,66
Guangdong,20
Guangdong,324
Jiangsu,361
Jiangsu,360
Jiangsu,353
Guangdong,2
Guangdong,11
Guangdong,13
Guangdong,118
Jiangsu,115
Zhejiang,37
Zhejiang,34
Zhejiang,22
Zhejiang,13
Zhejiang,39
Zhejiang,23
Guangdong,336
Guangdong,3
Guangdong,16
Guangdong,4
Guangdong,14
Guangdong,12
Zhejiang,330
Zhejiang,25
Zhejiang,22
Zhejiang,18
Zhejiang,358
Zhejiang,359
Zhejiang,12
Zhejiang,361
Guangdong,21
Guangdong,22
Jiangsu,22
Guangdong,27
Guangdong,34
Guangdong,30
Guangdong,40
Zhejiang,27
Guangdong,20
Jiangsu,364
Jiangsu,22
Guangdong,40
Guangdong,36
Jiangsu,15
Guangdong,59
Guangdong,37
Guangdong,51
Guangdong,54
Guangdong,51
Guangdong,45
Guangdong,23
Zhejiang,57
Zhejiang,54
Guangdong,108
Guangdong,100
Guangdong,81
Guangdong,68
Shanghai,120
Shanghai,120
Shanghai,120
Shanghai,120
Shanghai,120
Shanghai,120
Shanghai,101
Shanghai,95
Shanghai,101
Shanghai,103
Shanghai,101
Shanghai,63
Shanghai,56
Guangdong,3
Guangdong,38
Guangdong,0
Guangdong,0
Guangdong,0
Guangdong,0
Guangdong,0
Guangdong,148
Guangdong,148
Guangdong,148
Guangdong,82
Guangdong,79
Jiangsu,5
Guangdong,58
Guangdong,205
Guangdong,221
Guangdong,185
Guangdong,154
Jiangsu,112
Guangdong,112
Guangdong,112
Guangdong,112
Guangdong,112
Guangdong,91
Guangdong,77
Guangdong,77
Guangdong,67
Guangdong,67
Guangdong,76
Guangdong,63
Guangdong,60
Guangdong,60
Guangdong,60
Guangdong,20
Guangdong,12
Guangdong,361
Guangdong,361
Guangdong,361
Guangdong,349
Guangdong,317
Guangdong,262
Guangdong,262
Guangdong,187
Guangdong,187
Guangdong,141
Guangdong,141
Guangdong,110
Guangdong,103
Guangdong,70
Guangdong,39
Guangdong,25
Guangdong,29
Guangdong,29
Guangdong,3
Guangdong,362
Guangdong,11
Guangdong,3
Guangdong,3
Guangdong,3
Guangdong,3
Guangdong,3
Guangdong,148
Guangdong,148
Guangdong,82
Guangdong,79
Jiangsu,8
Jiangsu,5
Guangdong,48
Guangdong,9
Guangdong,14
Guangdong,362
Jiangsu,98
Jiangsu,98
Jiangsu,98
Shanghai,92
Guangdong,100
Guangdong,344
Guangdong,344
Guangdong,221
Guangdong,187
Jiangsu,28
Zhejiang,96
Zhejiang,96
Zhejiang,96
Zhejiang,96
Zhejiang,96
Zhejiang,294
Zhejiang,352
Zhejiang,14
Guangdong,132
Guangdong,349
Guangdong,349
Jiangsu,346
Zhejiang,14
Zhejiang,352
Jiangsu,346
Jiangsu,362
Guangdong,358
Guangdong,358
Guangdong,349
Guangdong,140
Guangdong,33
Guangdong,27
Guangdong,14
Guangdong,19
Guangdong,10
Guangdong,115
Guangdong,115
Zhejiang,101
Zhejiang,92
Zhejiang,101
Zhejiang,102
Zhejiang,95
Zhejiang,101
Zhejiang,91
Zhejiang,95
Zhejiang,100
Zhejiang,95
Zhejiang,100
Zhejiang,81
Zhejiang,97
Zhejiang,90
Zhejiang,113
Zhejiang,105
Zhejiang,113
Zhejiang,105
Zhejiang,323
Zhejiang,333
Zhejiang,302
Zhejiang,293
Zhejiang,1
Zhejiang,8
Zhejiang,1
Zhejiang,2
Zhejiang,0
Zhejiang,6
Zhejiang,17
Zhejiang,21
Zhejiang,22
Zhejiang,57
Zhejiang,57
Zhejiang,22
Zhejiang,22
Zhejiang,19
Zhejiang,22
Zhejiang,18
Zhejiang,20
Jiangsu,30
Jiangsu,33
Jiangsu,36
Jiangsu,37
Jiangsu,33
Jiangsu,33
Jiangsu,28
Jiangsu,33
Jiangsu,31
Jiangsu,37
Jiangsu,12
Jiangsu,28
Jiangsu,22
Jiangsu,33
Jiangsu,33
Zhejiang,38
Zhejiang,40
Zhejiang,33
Zhejiang,24
Zhejiang,26
Zhejiang,33
Guangdong,93
Guangdong,89
Guangdong,54
Guangdong,49
Guangdong,46
Guangdong,40
Guangdong,14
Guangdong,35
Guangdong,99
Guangdong,82
Guangdong,51
Guangdong,51
Guangdong,51
Guangdong,9
Guangdong,40
Guangdong,2
Guangdong,37
Guangdong,35
Guangdong,32
Guangdong,28
Guangdong,28
Guangdong,15
Guangdong,41
Jiangxi,110
Guangdong,16
Guangdong,28
Guangdong,29
Guangdong,29
Guangdong,30
Guangdong,29
Guangdong,28
Guangdong,19
Guangdong,29
Jiangsu,37
Guangdong,3
Guangdong,7
Guangdong,10
Guangdong,8
Guangdong,11
Jiangsu,6
Jiangsu,35
Jiangsu,25
Jiangsu,19
Zhejiang,18
Zhejiang,22
Zhejiang,19
Zhejiang,22
Zhejiang,22
Zhejiang,14
Zhejiang,7
Zhejiang,10
Zhejiang,8
Zhejiang,8
Zhejiang,2
Guangdong,13
Shanghai,2
Guangdong,12
Guangdong,12
Guangdong,12
Guangdong,12
Guangdong,7
Guangdong,3
Guangdong,7
Guangdong,349
Guangdong,333
Guangdong,21
Guangdong,24
Zhejiang,32
Zhejiang,34
Zhejiang,61
Zhejiang,42
Zhejiang,55
Zhejiang,93
Zhejiang,93
Zhejiang,93
Zhejiang,26
Zhejiang,16
Zhejiang,19
