Jiangsu,15,007
Jiangsu,35,041
Jiangsu,41,053
Jiangsu,16,0116
Jiangsu,6,14037
Jiangsu,6,14038
Jiangsu,9,14040
Jiangsu,113,16680
Jiangsu,20,01.20_TCCX014-P
Jiangsu,122,05.02_DT001
Jiangsu,337,12.2_KS001-O
Jiangsu,337,12.2_KS004-O
Jiangsu,337,12.2_KS008-O
Jiangsu,364,12.30_WZNHQ007-P
Jiangsu,364,12.30_WZNHQ009-P
Jiangsu,364,12.30_WZNHQ013-P
Jiangsu,118,J1213
Jiangsu,118,J1216
Jiangsu,118,J1219
Jiangsu,118,J1220
Jiangsu,118,J1221
Jiangsu,118,J1224
Jiangsu,118,J1225
Jiangsu,118,J1229
Jiangsu,118,J1231
Jiangsu,310,J3489
Jiangsu,310,J3494
Jiangsu,310,J3748
Jiangsu,310,J3899
Jiangsu,120,JS11
Jiangsu,71,JT114
Jiangsu,71,JT115
Jiangsu,75,JT119
Jiangsu,75,JT123
Jiangsu,341,JT156
Jiangsu,11,JT164
Jiangsu,16,JT186
Jiangsu,91,K27
Jiangsu,91,K89
Jiangsu,19,LY246
Jiangsu,63,LY79
Jiangsu,63,RG126
Jiangsu,106,S002
Jiangsu,38,S10428
Jiangsu,73,S1045
Jiangsu,92,S1361
Jiangsu,75,S1441
Jiangsu,75,S1460
Jiangsu,314,S4519
Jiangsu,106,SC035
Jiangsu,106,SC099
Jiangsu,106,SC537
Jiangsu,17,SD012
Jiangsu,51,TM261
Jiangsu,16,TZ45
Jiangsu,2,W1-8
Jiangsu,119,WJ-14
Jiangsu,76,XZ250
Jiangsu,78,XZ252
Jiangsu,81,XZ256
Jiangsu,11,YZ30
Jiangsu,66,YZLH37
Jiangsu,99,759
Jiangsu,99,761
Jiangsu,335,12-33
Jiangsu,305,11-2
Jiangsu,305,11-5
Jiangsu,305,11-21
Jiangsu,305,11-26
Jiangsu,335,12-13
Jiangsu,92,04020102
Jiangsu,99,097-1
Jiangsu,139,5852
Jiangsu,353,7144
Jiangsu,112,8048
Jiangsu,95,0405005
Jiangsu,93,04030201
Jiangsu,152,WX5
Jiangsu,29,4030
