Jiangxi,27,GZ79
Jiangxi,47,9469
Jiangxi,47,9472
Jiangxi,47,9476
Jiangxi,47,9497
Jiangxi,47,9508
Jiangxi,47,9513
Jiangxi,47,9530
Jiangxi,47,9534
Jiangxi,47,9558
Jiangxi,49,10552
Jiangxi,49,10573
Jiangxi,49,10870
Jiangxi,49,10871
Jiangxi,49,10873
Jiangxi,49,10874
Jiangxi,49,10875
Jiangxi,49,10877
Jiangxi,49,10882
Jiangxi,49,10885
Jiangxi,49,10894
Jiangxi,49,10895
Jiangxi,49,10896
Jiangxi,49,10897
Jiangxi,49,10929
Jiangxi,49,10939
Jiangxi,49,10943
Jiangxi,49,10945
Jiangxi,49,10946
Jiangxi,49,10947
Jiangxi,49,10948
Jiangxi,49,10950
Jiangxi,49,10953
Jiangxi,49,10954
Jiangxi,49,10955
Jiangxi,49,10956
Jiangxi,49,10957
Jiangxi,49,10958
Jiangxi,49,10959
Jiangxi,49,10961
Jiangxi,49,10962
Jiangxi,49,10963
Jiangxi,49,10964
Jiangxi,49,10965
Jiangxi,75,12200
Jiangxi,75,12201
Jiangxi,75,12206
Jiangxi,75,12208
Jiangxi,75,12210
Jiangxi,75,12216
Jiangxi,75,12217
Jiangxi,75,12219
Jiangxi,75,12221
Jiangxi,75,12222
Jiangxi,75,12223
Jiangxi,75,12232
Jiangxi,75,12239
Jiangxi,75,12240
Jiangxi,75,12243
Jiangxi,75,12245
Jiangxi,75,12247
Jiangxi,75,12248
Jiangxi,75,12249
Jiangxi,75,12251
Jiangxi,75,12254
Jiangxi,75,12256
Jiangxi,75,12260
Jiangxi,75,12261
Jiangxi,75,12264
Jiangxi,75,12265
Jiangxi,75,12273
Jiangxi,75,12274
Jiangxi,97,12486
Jiangxi,97,12492
Jiangxi,97,12544
Jiangxi,97,12554
Jiangxi,97,12564
Jiangxi,81,12768
Jiangxi,89,13207
Jiangxi,89,13209
Jiangxi,89,13210
Jiangxi,89,13220
Jiangxi,89,13223
Jiangxi,89,13230
Jiangxi,89,13250
Jiangxi,89,13252
Jiangxi,89,13255
Jiangxi,89,13268
Jiangxi,89,13269
Jiangxi,101,13491
Jiangxi,96,13493
Jiangxi,101,13496
Jiangxi,101,13502
Jiangxi,96,13507
Jiangxi,101,13510
Jiangxi,96,13512
Jiangxi,101,13513
Jiangxi,101,13518
Jiangxi,101,13519
Jiangxi,96,13521
Jiangxi,96,13524
Jiangxi,96,13530
Jiangxi,96,13536
Jiangxi,96,13537
Jiangxi,101,13538
Jiangxi,96,13543
Jiangxi,96,13544
Jiangxi,101,13546
Jiangxi,96,13548
Jiangxi,96,13551
Jiangxi,101,13553
Jiangxi,96,13556
Jiangxi,96,13564
Jiangxi,103,14023
Jiangxi,103,14033
Jiangxi,110,14479
Jiangxi,110,14482
Jiangxi,110,14513
Jiangxi,110,14515
Jiangxi,110,14517
Jiangxi,110,14518
Jiangxi,110,14530
Jiangxi,110,14554
Jiangxi,117,15044
Jiangxi,125,15524
Jiangxi,158,18008
Jiangxi,166,18449
Jiangxi,166,18482
Jiangxi,166,18487
Jiangxi,166,18513
Jiangxi,166,18515
Jiangxi,47,02.16_ShRGF080-P
Jiangxi,48,02.17_ShRGF219-O
Jiangxi,91,04.01__NCJD0137-O
Jiangxi,91,04.01__NCNP0062-O
Jiangxi,91,04.01__NCNP0065-O
Jiangxi,21,JX4
Jiangxi,83,S10017
Jiangxi,85,S10844
Jiangxi,86,S11228
Jiangxi,331,S40993
Jiangxi,123,SD001
