Shanghai,46,CN02
Shanghai,136,MH01
Shanghai,136,MH02
Shanghai,136,MH03
Shanghai,136,MH04
Shanghai,136,MH05
Shanghai,21,PD-CN-02
Shanghai,46,QP01
Shanghai,93,S1053
Shanghai,93,S1055
Shanghai,93,S1076
Shanghai,93,S1077
Shanghai,93,S1078
Shanghai,93,S1079
Shanghai,93,S1080
Shanghai,133,S1254
Shanghai,133,S1267
Shanghai,93,S1358
Shanghai,93,S1410
Shanghai,93,S1413
Shanghai,133,S1414
Shanghai,133,S1439
Shanghai,133,S1458
Shanghai,310,S3061
Shanghai,310,S3064
Shanghai,310,S3065
Shanghai,310,S3075
Shanghai,310,S3084
Shanghai,310,S3085
Shanghai,310,S3086
Shanghai,310,S3087
Shanghai,310,S3088
Shanghai,310,S3090
Shanghai,310,S3140
Shanghai,310,S3167
Shanghai,310,S3169
Shanghai,310,S3180
Shanghai,310,S3301
Shanghai,310,S3306
Shanghai,310,S3307
Shanghai,310,S3308
Shanghai,310,S3309
Shanghai,310,S3313
Shanghai,310,S3322
Shanghai,310,S3325
Shanghai,310,S3326
Shanghai,310,S3328
Shanghai,310,S3330
Shanghai,310,S3630
Shanghai,310,S3880
Shanghai,315,S4100
