Zhejiang,125,174
Zhejiang,100,48-1
Zhejiang,100,50-1
Zhejiang,297,3765
Zhejiang,297,3791
Zhejiang,297,3802
Zhejiang,297,4045
Zhejiang,297,4067
Zhejiang,297,4073
Zhejiang,297,4074
Zhejiang,297,4076
Zhejiang,297,4083
Zhejiang,297,4141
Zhejiang,297,4169
Zhejiang,297,4213
Zhejiang,98,C72
Zhejiang,298,4490
Zhejiang,30,LQ78
Zhejiang,293,2417
Zhejiang,301,5086
Zhejiang,301,5087
Zhejiang,301,5130
Zhejiang,301,5136
Zhejiang,301,5146
Zhejiang,301,5186
Zhejiang,301,5201
Zhejiang,301,5224
Zhejiang,301,5227
Zhejiang,301,5235
Zhejiang,302,5479
Zhejiang,174,8585
Zhejiang,181,8829
Zhejiang,27,1
Zhejiang,17,2
Zhejiang,20,3
Zhejiang,10,1.10_HZ142
Zhejiang,350,12.15_HZ293
Zhejiang,350,12.15_HZ298
Zhejiang,44,JH16
Zhejiang,95,JX148
Zhejiang,124,JX158
Zhejiang,47,S01
Zhejiang,131,S1074
Zhejiang,83,S1190
Zhejiang,342,S4008
Zhejiang,342,S4017
Zhejiang,329,S4060
Zhejiang,342,S4071
Zhejiang,342,S4079
Zhejiang,342,S4135
Zhejiang,342,S4168
Zhejiang,112,SD007
Zhejiang,101,SD019
Zhejiang,101,SD033
Zhejiang,9,ZJ14
Zhejiang,6,ZJ19
